DROP TABLE SALUD CASCADE CONSTRAINTS;
DROP TABLE AFP CASCADE CONSTRAINTS;
DROP TABLE AGENTE CASCADE CONSTRAINTS;
DROP TABLE CIUDAD CASCADE CONSTRAINTS;
DROP TABLE CLIENTE CASCADE CONSTRAINTS;
DROP TABLE COMUNA CASCADE CONSTRAINTS;
DROP TABLE CONTRATO CASCADE CONSTRAINTS;
DROP TABLE DET_CONTRATO CASCADE CONSTRAINTS;
DROP TABLE PLAN CASCADE CONSTRAINTS;
DROP TABLE REGION CASCADE CONSTRAINTS;
DROP TABLE SERVICIO CASCADE CONSTRAINTS;
DROP TABLE SUCURSAL CASCADE CONSTRAINTS;
DROP TABLE SUELDO CASCADE CONSTRAINTS;
DROP TABLE TIPO_CLIENTE CASCADE CONSTRAINTS;
DROP TABLE TIPO_SERVICIO CASCADE CONSTRAINTS;
DROP TABLE PORCENTAJE_ANOS CASCADE CONSTRAINTS;
DROP TABLE HABER_CALC_MES CASCADE CONSTRAINTS;
DROP TABLE DESCTO_CALC_MES CASCADE CONSTRAINTS;
DROP TABLE PORC_MOVILIZACION CASCADE CONSTRAINTS;
DROP TABLE ASIG_ESCOLARIDAD CASCADE CONSTRAINTS;

DROP SEQUENCE seq_porc_mov;
DROP SEQUENCE seq_emp;

CREATE SEQUENCE seq_emp START WITH 1000 INCREMENT BY 10;
CREATE SEQUENCE seq_porc_mov;
 
CREATE TABLE AGENTE
  (
    cod_agente    NUMBER(8),
    rut_agente    VARCHAR2 (12) NOT NULL ,
    nombre_agente VARCHAR2 (100) ,
    ape_paterno   VARCHAR2 (100) ,
    ape_materno   VARCHAR2 (100) ,
    fecing_agente  DATE NOT NULL,
    id_escolaridad NUMBER(2) NOT NULL,
    cod_salud     NUMBER(2) NOT NULL,
    cod_afp       NUMBER(2) NOT NULL,
    Id_sueldo     NUMBER NOT NULL
  ) ;
ALTER TABLE AGENTE ADD CONSTRAINT AGENTE_PK PRIMARY KEY ( cod_agente ) ;

CREATE TABLE CIUDAD
  (
    cod_ciudad INTEGER NOT NULL ,
    nombre     VARCHAR2 (100) ,
    cod_region INTEGER NOT NULL
  ) ;
ALTER TABLE CIUDAD ADD CONSTRAINT CIUDAD_PK PRIMARY KEY ( cod_ciudad ) ;

CREATE TABLE CLIENTE
  (
    rut_cliente VARCHAR2 (12) NOT NULL ,
    nombre      VARCHAR2 (100) ,
    ape_paterno VARCHAR2 (100) ,
    ape_materno VARCHAR2 (100) ,
    direccion   VARCHAR2 (200) ,
    mail        VARCHAR2 (100) ,
    cod_comuna  INTEGER NOT NULL ,
    cod_tipo    INTEGER NOT NULL
  ) ;
ALTER TABLE CLIENTE ADD CONSTRAINT CLIENTE_PK PRIMARY KEY ( rut_cliente ) ;

CREATE TABLE COMUNA
  (
    cod_comuna INTEGER NOT NULL ,
    nombre     VARCHAR2 (100) ,
    cod_ciudad INTEGER NOT NULL
  ) ;
ALTER TABLE COMUNA ADD CONSTRAINT COMUNA_PK PRIMARY KEY ( cod_comuna ) ;

CREATE TABLE CONTRATO
  (
    num_contrato       INTEGER NOT NULL ,
    fecha_contrato     DATE ,
    cod_sucursal       INTEGER NOT NULL ,
    cod_agente         NUMBER(8) NOT NULL ,
    rut_cliente        VARCHAR2 (12) NOT NULL ,
    total_mensual_fijo NUMBER (10,1)
  ) ;
ALTER TABLE CONTRATO ADD CONSTRAINT CONTRATO_PK PRIMARY KEY ( num_contrato ) ;

CREATE TABLE DET_CONTRATO
  (
    num_contrato INTEGER NOT NULL ,
    id_plan      INTEGER NOT NULL
  ) ;
ALTER TABLE DET_CONTRATO ADD CONSTRAINT DET_CONTRATO_PK PRIMARY KEY ( num_contrato, id_plan ) ;

CREATE TABLE PLAN
  (
    id_plan     INTEGER NOT NULL ,
    nombre_plan VARCHAR2 (100) ,
    costo_fijo  NUMBER (10,1)
  ) ;
ALTER TABLE PLAN ADD CONSTRAINT PLAN_PK PRIMARY KEY ( id_plan ) ;

CREATE TABLE REGION
  ( cod_region INTEGER NOT NULL , nombre VARCHAR2 (100)
  ) ;
ALTER TABLE REGION ADD CONSTRAINT REGION_PK PRIMARY KEY ( cod_region ) ;

CREATE TABLE SERVICIO
  (
    id_servicio INTEGER NOT NULL ,
    cod_tipo    INTEGER NOT NULL ,
    nombre      VARCHAR2 (100) ,
    minutos     INTEGER ,
    datos       INTEGER ,
    canales     INTEGER ,
    id_plan     INTEGER NOT NULL
  ) ;
ALTER TABLE SERVICIO ADD CONSTRAINT SERVICIO_PK PRIMARY KEY ( id_servicio ) ;

CREATE TABLE SUCURSAL
  (
    cod_sucursal INTEGER NOT NULL ,
    nom_sucursal VARCHAR2 (100)
  ) ;
ALTER TABLE SUCURSAL ADD CONSTRAINT SUCURSAL_PK PRIMARY KEY ( cod_sucursal ) ;

CREATE TABLE SUELDO
  (
    Id_sueldo    NUMBER NOT NULL ,
    sueldo_bruto NUMBER NOT NULL ,
    Fecha	 Date
  )
  LOGGING ;
ALTER TABLE SUELDO ADD CONSTRAINT Sueldos_PK PRIMARY KEY ( Id_sueldo ) ;

CREATE TABLE TIPO_CLIENTE
  (
    cod_tipo    INTEGER NOT NULL ,
    descripcion VARCHAR2 (100)
  ) ;
ALTER TABLE TIPO_CLIENTE ADD CONSTRAINT TIPO_CLIENTE_PK PRIMARY KEY ( cod_tipo ) ;

CREATE TABLE TIPO_SERVICIO
  (
    cod_tipo    INTEGER NOT NULL ,
    descripcion VARCHAR2 (100)
  ) ;
 CREATE TABLE PORCENTAJE_ANOS 
   (	"ID_ANO_CONTRATADO" NUMBER(2,0), 
	"ANNOS_INF" NUMBER(2,0), 
	"ANNOS_SUP" NUMBER(2,0), 
	"PORCENTAJE" NUMBER(2,0)
   ) ;

 
 CREATE TABLE PORC_MOVILIZACION
(sec_movilizacion NUMBER(2) CONSTRAINT PK_PORC_MOVILIZACION PRIMARY KEY,
 sueldo_base_inf     NUMBER(10) NOT NULL,
 sueldo_base_sup     NUMBER(10) NOT NULL,
 porc_mov       NUMBER(2) NOT NULL);
   
   CREATE TABLE AFP
(cod_afp NUMBER(2) CONSTRAINT PK_AFP PRIMARY KEY,
 nombre_afp  VARCHAR2(30) NOT NULL,
 porc_descto_afp NUMBER(2) NOT NULL);

CREATE TABLE SALUD
(cod_salud NUMBER(2) CONSTRAINT PK_SALUD PRIMARY KEY,
 nombre_salud  VARCHAR2(30) NOT NULL,
 porc_descto_salud NUMBER(2) NOT NULL);

 CREATE TABLE asig_escolaridad
(id_escolaridad  NUMBER(2) NOT NULL,
 sigla_escolaridad  VARCHAR2(6) NOT NULL,
 desc_escolaridad VARCHAR2(50) NOT NULL,
 porc_asig_escolaridad NUMBER(2),
 CONSTRAINT pk_escolaridad PRIMARY KEY (id_escolaridad));
 
CREATE TABLE HABER_CALC_MES
(cod_agt NUMBER(8) NOT NULL, 
 numrut_agt VARCHAR2(12) NOT NULL,
 mes_proceso NUMBER(2) NOT NULL,
 anno_proceso NUMBER(4) NOT NULL,
 VALOR_SUELDO_BASE NUMBER(8) NOT NULL,
 VALOR_ASIG_ANNOS NUMBER(8) NOT NULL,
 VALOR_MOVILIZACION NUMBER(8) NOT NULL,
 VALOR_COLACION NUMBER(8),
 VALOR_COM_VENTAS NUMBER(8),
 VALOR_ASIG_ESCOLARIDAD NUMBER(8) NOT NULL,
 CONSTRAINT PK_HABER_CALC_MES PRIMARY KEY (cod_agt,mes_proceso,anno_proceso),
 CONSTRAINT FK_HABER_CALC_AGENTE FOREIGN KEY(cod_agt) REFERENCES agente(cod_agente));


CREATE TABLE DESCTO_CALC_MES
(cod_agt NUMBER(8) NOT NULL, 
 numrut_agt VARCHAR2(12) NOT NULL,
 mes_proceso NUMBER(2) NOT NULL,
 anno_proceso NUMBER(4) NOT NULL,
 VALOR_SALUD NUMBER(8) NOT NULL,
 VALOR_AFP NUMBER(8) NOT NULL,
 CONSTRAINT PK_DESCTO_CALC_MES PRIMARY KEY (cod_agt,mes_proceso,anno_proceso),
 CONSTRAINT FK_DESCTO_CALC_AGENTE FOREIGN KEY(cod_agt) REFERENCES agente(cod_agente));
 
 
ALTER TABLE TIPO_SERVICIO ADD CONSTRAINT TIPO_SERVICIO_PK PRIMARY KEY ( cod_tipo ) ;

ALTER TABLE CIUDAD ADD CONSTRAINT CIUDAD_REGION_FK FOREIGN KEY ( cod_region ) REFERENCES REGION ( cod_region ) NOT DEFERRABLE ;

ALTER TABLE CLIENTE ADD CONSTRAINT CLIENTE_COMUNA_FK FOREIGN KEY ( cod_comuna ) REFERENCES COMUNA ( cod_comuna ) NOT DEFERRABLE ;

ALTER TABLE CLIENTE ADD CONSTRAINT CLIENTE_TIPO_CLIENTE_FK FOREIGN KEY ( cod_tipo ) REFERENCES TIPO_CLIENTE ( cod_tipo ) NOT DEFERRABLE ;

ALTER TABLE COMUNA ADD CONSTRAINT COMUNA_CIUDAD_FK FOREIGN KEY ( cod_ciudad ) REFERENCES CIUDAD ( cod_ciudad ) NOT DEFERRABLE ;

ALTER TABLE CONTRATO ADD CONSTRAINT CONTRATO_AGENTE_FK FOREIGN KEY ( cod_agente ) REFERENCES AGENTE ( cod_agente ) NOT DEFERRABLE ;

ALTER TABLE CONTRATO ADD CONSTRAINT CONTRATO_CLIENTE_FK FOREIGN KEY ( rut_cliente ) REFERENCES CLIENTE ( rut_cliente ) NOT DEFERRABLE ;

ALTER TABLE CONTRATO ADD CONSTRAINT CONTRATO_SUCURSAL_FK FOREIGN KEY ( cod_sucursal ) REFERENCES SUCURSAL ( cod_sucursal ) NOT DEFERRABLE ;

ALTER TABLE DET_CONTRATO ADD CONSTRAINT DET_CONTRATO_CONTRATO_FK FOREIGN KEY ( num_contrato ) REFERENCES CONTRATO ( num_contrato ) NOT DEFERRABLE ;

ALTER TABLE DET_CONTRATO ADD CONSTRAINT DET_CONTRATO_PLAN_FK FOREIGN KEY ( id_plan ) REFERENCES PLAN ( id_plan ) NOT DEFERRABLE ;

ALTER TABLE SERVICIO ADD CONSTRAINT SERVICIO_PLAN_FK FOREIGN KEY ( id_plan ) REFERENCES PLAN ( id_plan ) NOT DEFERRABLE ;

ALTER TABLE SERVICIO ADD CONSTRAINT SERVICIO_TIPO_SERVICIO_FK FOREIGN KEY ( cod_tipo ) REFERENCES TIPO_SERVICIO ( cod_tipo ) NOT DEFERRABLE ;

--SUELDO
INSERT INTO SUELDO (Id_sueldo,sueldo_bruto,Fecha) VALUES (1,750000,'01/01/2019');
INSERT INTO SUELDO (Id_sueldo,sueldo_bruto,Fecha) VALUES (2,1200000,'01/01/2019');
INSERT INTO SUELDO (Id_sueldo,sueldo_bruto,Fecha) VALUES (3,1450000,'01/01/2019');
INSERT INTO SUELDO (Id_sueldo,sueldo_bruto,Fecha) VALUES (4,2400000,'01/01/2019');
INSERT INTO SUELDO (Id_sueldo,sueldo_bruto,Fecha) VALUES (5,1000000,'01/01/2019');
INSERT INTO SUELDO (Id_sueldo,sueldo_bruto,Fecha) VALUES (6,800000,'01/01/2019');
INSERT INTO SUELDO (Id_sueldo,sueldo_bruto,Fecha) VALUES (7,1500000,'01/01/2019');
INSERT INTO SUELDO (Id_sueldo,sueldo_bruto,Fecha) VALUES (8,3500000,'01/01/2019');
INSERT INTO SUELDO (Id_sueldo,sueldo_bruto,Fecha) VALUES (9,2800000,'01/01/2019');
INSERT INTO SUELDO (Id_sueldo,sueldo_bruto,Fecha) VALUES (10,2000000,'01/01/2019');

--MOVILIZACION
INSERT INTO PORC_MOVILIZACION VALUES(seq_porc_mov.NEXTVAL,100000,300000,50);
INSERT INTO PORC_MOVILIZACION VALUES(seq_porc_mov.NEXTVAL,300001,1000000,30);
INSERT INTO PORC_MOVILIZACION VALUES(seq_porc_mov.NEXTVAL,1000001,2500000,20);
INSERT INTO PORC_MOVILIZACION VALUES(seq_porc_mov.NEXTVAL,2500001,8000000,5);

--AGENTE
INSERT INTO AGENTE VALUES (seq_emp.NEXTVAL,'6881468','Leonor','Barrera','Cubillos','01071996',10,2,3,1);
INSERT INTO AGENTE VALUES (seq_emp.NEXTVAL,'29155621','Denisse','Vizcarrondo','Garrido','23022000',60,3,5,2);
INSERT INTO AGENTE VALUES (seq_emp.NEXTVAL,'39317962','Joaquin','Fuentes','Vignolo','18032013',30,7,4,3);
INSERT INTO AGENTE VALUES (seq_emp.NEXTVAL,'11403156','Luis','Torres','Salazar','28022004',40,4,5,4);
INSERT INTO AGENTE VALUES (seq_emp.NEXTVAL,'20610811','Jarrod','Kane','Castro','13072012',20,6,6,5);
INSERT INTO AGENTE VALUES (seq_emp.NEXTVAL,'32422123','Jayme','Echeverria','Maynard','03102010',40,4,4,6);
INSERT INTO AGENTE VALUES (seq_emp.NEXTVAL,'6815468','Sebastian','Rivero','Mejia','19112007',10,4,5,7);
INSERT INTO AGENTE VALUES (seq_emp.NEXTVAL,'34358848','María','Briones','Reyes','14022013',50,6,3,8);
INSERT INTO AGENTE VALUES (seq_emp.NEXTVAL,'28262493','Valentina','Ramirez','Gimenez','18012011',30,4,2,9);
INSERT INTO AGENTE VALUES (seq_emp.NEXTVAL,'12765825','Deanna','Rodriguez','Barrientos','01072018',60,3,2,10);
INSERT INTO AGENTE VALUES (seq_emp.NEXTVAL,'30461977','Madison','Perez','Manrique','01012021',10,7,3,1);
INSERT INTO AGENTE VALUES (seq_emp.NEXTVAL,'48814823','Jeanette','Tamayo','Navarro','30042007',20,5,3,2);
INSERT INTO AGENTE VALUES (seq_emp.NEXTVAL,'5755371','Mayra','Gutierrez','Suarez','01081998',30,3,1,3);
INSERT INTO AGENTE VALUES (seq_emp.NEXTVAL,'22156042','Eduardo','Martinez','Briones','17052002',40,1,1,4);
INSERT INTO AGENTE VALUES (seq_emp.NEXTVAL,'33617460','Brian','Gallardo','Enriquez','23012015',50,5,3,5);
INSERT INTO AGENTE VALUES (seq_emp.NEXTVAL,'21340412','Nicolas','Galicia','Gutierrez','18042002',20,4,2,6);
INSERT INTO AGENTE VALUES (seq_emp.NEXTVAL,'6432882','Milagros','Rivera','Santeliz','17052005',10,3,6,7);
INSERT INTO AGENTE VALUES (seq_emp.NEXTVAL,'14799431','Josefina','Angarita','Rios','23121998',50,3,4,8);
INSERT INTO AGENTE VALUES (seq_emp.NEXTVAL,'31334083','Bryan','Salinas','Barron','03072011',60,3,2,9);
INSERT INTO AGENTE VALUES (seq_emp.NEXTVAL,'35051197','Ramona','Mendoza','Pacheco','01092012',30,1,2,10);
INSERT INTO AGENTE VALUES (seq_emp.NEXTVAL,'10526250','Alexa','','Navarro','01102011',40,3,5,1);
INSERT INTO AGENTE VALUES (seq_emp.NEXTVAL,'10715120','Armando','Artigas','Albornoz','01072015',50,3,2,2);
INSERT INTO AGENTE VALUES (seq_emp.NEXTVAL,'20553211','Alberto','Sepulveda','Barrientos','01022000',30,2,2,3);
INSERT INTO AGENTE VALUES (seq_emp.NEXTVAL,'19349540','Diego','Martinez','Ramirez','01092013',30,2,1,4);
INSERT INTO AGENTE VALUES (seq_emp.NEXTVAL,'36941291','Donna','Flores','Segovia','01072015',30,2,2,5);
INSERT INTO AGENTE VALUES (seq_emp.NEXTVAL,'7227283','Sonia','Jordan','Echeverría','23062016',50,3,3,6);
INSERT INTO AGENTE VALUES (seq_emp.NEXTVAL,'9421688','Kevin','Cortez','Roberson','21072017',40,4,4,7);
INSERT INTO AGENTE VALUES (seq_emp.NEXTVAL,'29858497','Cora','Rios','Rodriguez','14052018',50,5,5,8);
INSERT INTO AGENTE VALUES (seq_emp.NEXTVAL,'37897455','Karina','Castro','Diaz','11042019',60,6,6,9);
INSERT INTO AGENTE VALUES (seq_emp.NEXTVAL,'14773639','Antonio','Santibanez','Rosas','07072019',10,1,1,10);
INSERT INTO AGENTE VALUES (seq_emp.NEXTVAL,'248406534','Maria','marrufo','Benitez','03072004',20,2,2,10);


--SUCURSAL
INSERT INTO SUCURSAL (COD_SUCURSAL,NOM_SUCURSAL) VALUES (1,'SANTIAGO CENTRO');
INSERT INTO SUCURSAL (COD_SUCURSAL,NOM_SUCURSAL) VALUES (2,'PROVIDENCIA');
INSERT INTO SUCURSAL (COD_SUCURSAL,NOM_SUCURSAL) VALUES (3,'LAS CONDES');
INSERT INTO SUCURSAL (COD_SUCURSAL,NOM_SUCURSAL) VALUES (4,'VIÑA DEL MAR');
INSERT INTO SUCURSAL (COD_SUCURSAL,NOM_SUCURSAL) VALUES (5,'RANCAGUA');
INSERT INTO SUCURSAL (COD_SUCURSAL,NOM_SUCURSAL) VALUES (6,'TEMUCO');
INSERT INTO SUCURSAL (COD_SUCURSAL,NOM_SUCURSAL) VALUES (7,'VALDIVIA');
INSERT INTO SUCURSAL (COD_SUCURSAL,NOM_SUCURSAL) VALUES (8,'ARICA');
INSERT INTO SUCURSAL (COD_SUCURSAL,NOM_SUCURSAL) VALUES (9,'LA SERENA');
INSERT INTO SUCURSAL (COD_SUCURSAL,NOM_SUCURSAL) VALUES (10,'PUERTO MONTT');

--TIPO_CLIENTE
INSERT INTO TIPO_CLIENTE (COD_TIPO,DESCRIPCION) VALUES (1,'PERSONAS');
INSERT INTO TIPO_CLIENTE (COD_TIPO,DESCRIPCION) VALUES (2,'EMPRESAS');

--TIPO_SERVICIO
INSERT INTO tipo_servicio (COD_TIPO,DESCRIPCION) VALUES (1,'TELEFONIA MOVIL');
INSERT INTO tipo_servicio (COD_TIPO,DESCRIPCION) VALUES (2,'INTERNET MOVIL');
INSERT INTO tipo_servicio (COD_TIPO,DESCRIPCION) VALUES (3,'TELEVISION');

--PLAN
INSERT INTO plan (id_plan,nombre_plan,costo_fijo) VALUES (1,'Full telefonía y TV Premium',55000);
INSERT INTO plan (id_plan,nombre_plan,costo_fijo) VALUES (2,'Full telefonía y TV 100',40000);
INSERT INTO plan (id_plan,nombre_plan,costo_fijo) VALUES (3,'Full telefonía y TV 80',35000);
INSERT INTO plan (id_plan,nombre_plan,costo_fijo) VALUES (4,'Full telefonía y TV 65',30000);
INSERT INTO plan (id_plan,nombre_plan,costo_fijo) VALUES (5,'Telefonía 1000 y TV Premium',50000);
INSERT INTO plan (id_plan,nombre_plan,costo_fijo) VALUES (6,'telefonía 500 y TV Premium',45000);
INSERT INTO plan (id_plan,nombre_plan,costo_fijo) VALUES (7,'telefonía 300 y TV Premium',40000);

--SERVICIO
INSERT INTO servicio (id_servicio,cod_tipo,nombre,minutos,datos,canales,id_plan) VALUES (1,1,'FULL TELEFONIA',10000,0,0,1);
INSERT INTO servicio (id_servicio,cod_tipo,nombre,minutos,datos,canales,id_plan) VALUES (2,2,'INTERNET MOVIL',0,10,0,1);
INSERT INTO servicio (id_servicio,cod_tipo,nombre,minutos,datos,canales,id_plan) VALUES (3,3,'TELEVISION PREMIUN',0,0,150,1);
INSERT INTO servicio (id_servicio,cod_tipo,nombre,minutos,datos,canales,id_plan) VALUES (4,1,'FULL TELEFONIA',10000,0,0,2);
INSERT INTO servicio (id_servicio,cod_tipo,nombre,minutos,datos,canales,id_plan) VALUES (5,2,'INTERNET MOVIL',0,10,0,2);
INSERT INTO servicio (id_servicio,cod_tipo,nombre,minutos,datos,canales,id_plan) VALUES (6,3,'TELEVISION 100',0,0,100,2);
INSERT INTO servicio (id_servicio,cod_tipo,nombre,minutos,datos,canales,id_plan) VALUES (7,1,'FULL TELEFONIA',10000,0,0,3);
INSERT INTO servicio (id_servicio,cod_tipo,nombre,minutos,datos,canales,id_plan) VALUES (8,2,'INTERNET MOVIL',0,10,0,3);
INSERT INTO servicio (id_servicio,cod_tipo,nombre,minutos,datos,canales,id_plan) VALUES (9,3,'TELEVISION 80',0,0,80,3);
INSERT INTO servicio (id_servicio,cod_tipo,nombre,minutos,datos,canales,id_plan) VALUES (10,1,'FULL TELEFONIA',10000,0,0,4);
INSERT INTO servicio (id_servicio,cod_tipo,nombre,minutos,datos,canales,id_plan) VALUES (11,2,'INTERNET MOVIL',0,10,0,4);
INSERT INTO servicio (id_servicio,cod_tipo,nombre,minutos,datos,canales,id_plan) VALUES (12,3,'TELEVISION 65',0,0,65,4);
INSERT INTO servicio (id_servicio,cod_tipo,nombre,minutos,datos,canales,id_plan) VALUES (13,1,'TELEFONIA 1000',1000,0,0,5);
INSERT INTO servicio (id_servicio,cod_tipo,nombre,minutos,datos,canales,id_plan) VALUES (14,2,'INTERNET MOVIL',0,7,0,5);
INSERT INTO servicio (id_servicio,cod_tipo,nombre,minutos,datos,canales,id_plan) VALUES (15,3,'TELEVISION PREMIUN',0,0,150,5);
INSERT INTO servicio (id_servicio,cod_tipo,nombre,minutos,datos,canales,id_plan) VALUES (16,1,'TELEFONIA 500',500,0,0,6);
INSERT INTO servicio (id_servicio,cod_tipo,nombre,minutos,datos,canales,id_plan) VALUES (17,2,'INTERNET MOVIL',0,5,0,6);
INSERT INTO servicio (id_servicio,cod_tipo,nombre,minutos,datos,canales,id_plan) VALUES (18,3,'TELEVISION PREMIUN',0,0,150,6);
INSERT INTO servicio (id_servicio,cod_tipo,nombre,minutos,datos,canales,id_plan) VALUES (19,1,'TELEFONIA 300',300,0,0,7);
INSERT INTO servicio (id_servicio,cod_tipo,nombre,minutos,datos,canales,id_plan) VALUES (20,2,'INTERNET MOVIL',0,3,0,7);
INSERT INTO servicio (id_servicio,cod_tipo,nombre,minutos,datos,canales,id_plan) VALUES (21,3,'TELEVISION PREMIUN',0,0,150,7);

--REGION
INSERT INTO REGION (COD_REGION,NOMBRE) VALUES (1,'I REGION');
INSERT INTO REGION (COD_REGION,NOMBRE) VALUES (2,'II REGION');
INSERT INTO REGION (COD_REGION,NOMBRE) VALUES (3,'III REGION');
INSERT INTO REGION (COD_REGION,NOMBRE) VALUES (4,'IV REGION');
INSERT INTO REGION (COD_REGION,NOMBRE) VALUES (5,'V REGION');
INSERT INTO REGION (COD_REGION,NOMBRE) VALUES (6,'VI REGION');
INSERT INTO REGION (COD_REGION,NOMBRE) VALUES (7,'VII REGION');
INSERT INTO REGION (COD_REGION,NOMBRE) VALUES (8,'VIII REGION');
INSERT INTO REGION (COD_REGION,NOMBRE) VALUES (9,'IX REGION');
INSERT INTO REGION (COD_REGION,NOMBRE) VALUES (10,'X REGION');
INSERT INTO REGION (COD_REGION,NOMBRE) VALUES (11,'XI REGION');
INSERT INTO REGION (COD_REGION,NOMBRE) VALUES (12,'XII REGION');
INSERT INTO REGION (COD_REGION,NOMBRE) VALUES (13,'XIII REGION');
INSERT INTO REGION (COD_REGION,NOMBRE) VALUES (14,'XIV REGION');
INSERT INTO REGION (COD_REGION,NOMBRE) VALUES (15,'XV REGION');

--CIUDAD
INSERT INTO CIUDAD (COD_CIUDAD,NOMBRE,COD_REGION) VALUES (151,'Arica',15);
INSERT INTO CIUDAD (COD_CIUDAD,NOMBRE,COD_REGION) VALUES (152,'Parinacota',15);
INSERT INTO CIUDAD (COD_CIUDAD,NOMBRE,COD_REGION) VALUES (011,'Iquique',1);
INSERT INTO CIUDAD (COD_CIUDAD,NOMBRE,COD_REGION) VALUES (014,'Tamarugal',1);
INSERT INTO CIUDAD (COD_CIUDAD,NOMBRE,COD_REGION) VALUES (021,'Antofagasta',2);
INSERT INTO CIUDAD (COD_CIUDAD,NOMBRE,COD_REGION) VALUES (022,'El Loa',2);
INSERT INTO CIUDAD (COD_CIUDAD,NOMBRE,COD_REGION) VALUES (023,'Tocopilla',2);
INSERT INTO CIUDAD (COD_CIUDAD,NOMBRE,COD_REGION) VALUES (031,'Copiapó',3);
INSERT INTO CIUDAD (COD_CIUDAD,NOMBRE,COD_REGION) VALUES (032,'Chañaral',3);
INSERT INTO CIUDAD (COD_CIUDAD,NOMBRE,COD_REGION) VALUES (033,'Huasco',3);
INSERT INTO CIUDAD (COD_CIUDAD,NOMBRE,COD_REGION) VALUES (041,'Elqui',4);
INSERT INTO CIUDAD (COD_CIUDAD,NOMBRE,COD_REGION) VALUES (042,'Choapa',4);
INSERT INTO CIUDAD (COD_CIUDAD,NOMBRE,COD_REGION) VALUES (043,'Limarí',4);
INSERT INTO CIUDAD (COD_CIUDAD,NOMBRE,COD_REGION) VALUES (051,'Valparaíso',5);
INSERT INTO CIUDAD (COD_CIUDAD,NOMBRE,COD_REGION) VALUES (052,'Isla de Pascua',5);
INSERT INTO CIUDAD (COD_CIUDAD,NOMBRE,COD_REGION) VALUES (053,'Los Andes',5);
INSERT INTO CIUDAD (COD_CIUDAD,NOMBRE,COD_REGION) VALUES (054,'Petorca',5);
INSERT INTO CIUDAD (COD_CIUDAD,NOMBRE,COD_REGION) VALUES (055,'Quillota',5);
INSERT INTO CIUDAD (COD_CIUDAD,NOMBRE,COD_REGION) VALUES (056,'San Antonio',5);
INSERT INTO CIUDAD (COD_CIUDAD,NOMBRE,COD_REGION) VALUES (057,'San Felipe de Aconcagua',5);
INSERT INTO CIUDAD (COD_CIUDAD,NOMBRE,COD_REGION) VALUES (058,'Marga Marga',5);
INSERT INTO CIUDAD (COD_CIUDAD,NOMBRE,COD_REGION) VALUES (061,'Cachapoal',6);
INSERT INTO CIUDAD (COD_CIUDAD,NOMBRE,COD_REGION) VALUES (062,'Cardenal Caro',6);
INSERT INTO CIUDAD (COD_CIUDAD,NOMBRE,COD_REGION) VALUES (063,'Colchagua',6);
INSERT INTO CIUDAD (COD_CIUDAD,NOMBRE,COD_REGION) VALUES (071,'Talca',7);
INSERT INTO CIUDAD (COD_CIUDAD,NOMBRE,COD_REGION) VALUES (072,'Cauquenes',7);
INSERT INTO CIUDAD (COD_CIUDAD,NOMBRE,COD_REGION) VALUES (073,'Curicó',7);
INSERT INTO CIUDAD (COD_CIUDAD,NOMBRE,COD_REGION) VALUES (074,'Linares',7);
INSERT INTO CIUDAD (COD_CIUDAD,NOMBRE,COD_REGION) VALUES (081,'Concepción',8);
INSERT INTO CIUDAD (COD_CIUDAD,NOMBRE,COD_REGION) VALUES (082,'Arauco',8);
INSERT INTO CIUDAD (COD_CIUDAD,NOMBRE,COD_REGION) VALUES (083,'Biobío',8);
INSERT INTO CIUDAD (COD_CIUDAD,NOMBRE,COD_REGION) VALUES (084,'Ñuble',8);
INSERT INTO CIUDAD (COD_CIUDAD,NOMBRE,COD_REGION) VALUES (091,'Cautín',9);
INSERT INTO CIUDAD (COD_CIUDAD,NOMBRE,COD_REGION) VALUES (092,'Malleco',9);
INSERT INTO CIUDAD (COD_CIUDAD,NOMBRE,COD_REGION) VALUES (141,'Valdivia',14);
INSERT INTO CIUDAD (COD_CIUDAD,NOMBRE,COD_REGION) VALUES (142,'Ranco',14);
INSERT INTO CIUDAD (COD_CIUDAD,NOMBRE,COD_REGION) VALUES (101,'Llanquihue',10);
INSERT INTO CIUDAD (COD_CIUDAD,NOMBRE,COD_REGION) VALUES (102,'Chiloé',10);
INSERT INTO CIUDAD (COD_CIUDAD,NOMBRE,COD_REGION) VALUES (103,'Osorno',10);
INSERT INTO CIUDAD (COD_CIUDAD,NOMBRE,COD_REGION) VALUES (104,'Palena',10);
INSERT INTO CIUDAD (COD_CIUDAD,NOMBRE,COD_REGION) VALUES (111,'Coyhaique',11);
INSERT INTO CIUDAD (COD_CIUDAD,NOMBRE,COD_REGION) VALUES (112,'Aysén',11);
INSERT INTO CIUDAD (COD_CIUDAD,NOMBRE,COD_REGION) VALUES (113,'Capitán Prat',11);
INSERT INTO CIUDAD (COD_CIUDAD,NOMBRE,COD_REGION) VALUES (114,'General Carrera',11);
INSERT INTO CIUDAD (COD_CIUDAD,NOMBRE,COD_REGION) VALUES (121,'Magallanes',12);
INSERT INTO CIUDAD (COD_CIUDAD,NOMBRE,COD_REGION) VALUES (122,'Antártica Chilena',12);
INSERT INTO CIUDAD (COD_CIUDAD,NOMBRE,COD_REGION) VALUES (123,'Tierra del Fuego',12);
INSERT INTO CIUDAD (COD_CIUDAD,NOMBRE,COD_REGION) VALUES (124,'Última Esperanza',12);
INSERT INTO CIUDAD (COD_CIUDAD,NOMBRE,COD_REGION) VALUES (131,'Santiago',13);
INSERT INTO CIUDAD (COD_CIUDAD,NOMBRE,COD_REGION) VALUES (132,'Cordillera',13);
INSERT INTO CIUDAD (COD_CIUDAD,NOMBRE,COD_REGION) VALUES (133,'Chacabuco',13);
INSERT INTO CIUDAD (COD_CIUDAD,NOMBRE,COD_REGION) VALUES (134,'Maipo',13);
INSERT INTO CIUDAD (COD_CIUDAD,NOMBRE,COD_REGION) VALUES (135,'Melipilla',13);
INSERT INTO CIUDAD (COD_CIUDAD,NOMBRE,COD_REGION) VALUES (136,'Talagante',13);

--COMUNA
INSERT INTO COMUNA (COD_COMUNA,NOMBRE,COD_CIUDAD) VALUES (15101,'Arica',151);
INSERT INTO COMUNA (COD_COMUNA,NOMBRE,COD_CIUDAD) VALUES (15102,'Camarones',151);
INSERT INTO COMUNA (COD_COMUNA,NOMBRE,COD_CIUDAD) VALUES (15201,'Putre',152);
INSERT INTO COMUNA (COD_COMUNA,NOMBRE,COD_CIUDAD) VALUES (15202,'General Lagos',152);
INSERT INTO COMUNA (COD_COMUNA,NOMBRE,COD_CIUDAD) VALUES (01101,'Iquique',11);
INSERT INTO COMUNA (COD_COMUNA,NOMBRE,COD_CIUDAD) VALUES (01107,'Alto Hospicio',11);
INSERT INTO COMUNA (COD_COMUNA,NOMBRE,COD_CIUDAD) VALUES (01401,'Pozo Almonte',14);
INSERT INTO COMUNA (COD_COMUNA,NOMBRE,COD_CIUDAD) VALUES (01402,'Camiña',14);
INSERT INTO COMUNA (COD_COMUNA,NOMBRE,COD_CIUDAD) VALUES (01403,'Colchane',14);
INSERT INTO COMUNA (COD_COMUNA,NOMBRE,COD_CIUDAD) VALUES (01404,'Huara',14);
INSERT INTO COMUNA (COD_COMUNA,NOMBRE,COD_CIUDAD) VALUES (01405,'Pica',14);
INSERT INTO COMUNA (COD_COMUNA,NOMBRE,COD_CIUDAD) VALUES (02101,'Antofagasta',21);
INSERT INTO COMUNA (COD_COMUNA,NOMBRE,COD_CIUDAD) VALUES (02102,'Mejillones',21);
INSERT INTO COMUNA (COD_COMUNA,NOMBRE,COD_CIUDAD) VALUES (02103,'Sierra Gorda',21);
INSERT INTO COMUNA (COD_COMUNA,NOMBRE,COD_CIUDAD) VALUES (02104,'Taltal',21);
INSERT INTO COMUNA (COD_COMUNA,NOMBRE,COD_CIUDAD) VALUES (02201,'Calama',22);
INSERT INTO COMUNA (COD_COMUNA,NOMBRE,COD_CIUDAD) VALUES (02202,'Ollagüe',22);
INSERT INTO COMUNA (COD_COMUNA,NOMBRE,COD_CIUDAD) VALUES (02203,'San Pedro de Atacama',22);
INSERT INTO COMUNA (COD_COMUNA,NOMBRE,COD_CIUDAD) VALUES (02301,'Tocopilla',23);
INSERT INTO COMUNA (COD_COMUNA,NOMBRE,COD_CIUDAD) VALUES (02302,'María Elena',23);
INSERT INTO COMUNA (COD_COMUNA,NOMBRE,COD_CIUDAD) VALUES (03101,'Copiapó',31);
INSERT INTO COMUNA (COD_COMUNA,NOMBRE,COD_CIUDAD) VALUES (03102,'Caldera',31);
INSERT INTO COMUNA (COD_COMUNA,NOMBRE,COD_CIUDAD) VALUES (03103,'Tierra Amarilla',31);
INSERT INTO COMUNA (COD_COMUNA,NOMBRE,COD_CIUDAD) VALUES (03201,'Chañaral',32);
INSERT INTO COMUNA (COD_COMUNA,NOMBRE,COD_CIUDAD) VALUES (03202,'Diego de Almagro',32);
INSERT INTO COMUNA (COD_COMUNA,NOMBRE,COD_CIUDAD) VALUES (03301,'Vallenar',33);
INSERT INTO COMUNA (COD_COMUNA,NOMBRE,COD_CIUDAD) VALUES (03302,'Alto del Carmen',33);
INSERT INTO COMUNA (COD_COMUNA,NOMBRE,COD_CIUDAD) VALUES (03303,'Freirina',33);
INSERT INTO COMUNA (COD_COMUNA,NOMBRE,COD_CIUDAD) VALUES (03304,'Huasco',33);
INSERT INTO COMUNA (COD_COMUNA,NOMBRE,COD_CIUDAD) VALUES (04101,'La Serena',41);
INSERT INTO COMUNA (COD_COMUNA,NOMBRE,COD_CIUDAD) VALUES (04102,'Coquimbo',41);
INSERT INTO COMUNA (COD_COMUNA,NOMBRE,COD_CIUDAD) VALUES (04103,'Andacollo',41);
INSERT INTO COMUNA (COD_COMUNA,NOMBRE,COD_CIUDAD) VALUES (04104,'La Higuera',41);
INSERT INTO COMUNA (COD_COMUNA,NOMBRE,COD_CIUDAD) VALUES (04105,'Paiguano',41);
INSERT INTO COMUNA (COD_COMUNA,NOMBRE,COD_CIUDAD) VALUES (04106,'Vicuña',41);
INSERT INTO COMUNA (COD_COMUNA,NOMBRE,COD_CIUDAD) VALUES (04201,'Illapel',42);
INSERT INTO COMUNA (COD_COMUNA,NOMBRE,COD_CIUDAD) VALUES (04202,'Canela',42);
INSERT INTO COMUNA (COD_COMUNA,NOMBRE,COD_CIUDAD) VALUES (04203,'Los Vilos',42);
INSERT INTO COMUNA (COD_COMUNA,NOMBRE,COD_CIUDAD) VALUES (04204,'Salamanca',42);
INSERT INTO COMUNA (COD_COMUNA,NOMBRE,COD_CIUDAD) VALUES (04301,'Ovalle',43);
INSERT INTO COMUNA (COD_COMUNA,NOMBRE,COD_CIUDAD) VALUES (04302,'Combarbalá',43);
INSERT INTO COMUNA (COD_COMUNA,NOMBRE,COD_CIUDAD) VALUES (04303,'Monte Patria',43);
INSERT INTO COMUNA (COD_COMUNA,NOMBRE,COD_CIUDAD) VALUES (04304,'Punitaqui',43);
INSERT INTO COMUNA (COD_COMUNA,NOMBRE,COD_CIUDAD) VALUES (04305,'Río Hurtado',43);
INSERT INTO COMUNA (COD_COMUNA,NOMBRE,COD_CIUDAD) VALUES (05101,'Valparaíso',51);
INSERT INTO COMUNA (COD_COMUNA,NOMBRE,COD_CIUDAD) VALUES (05102,'Casablanca',51);
INSERT INTO COMUNA (COD_COMUNA,NOMBRE,COD_CIUDAD) VALUES (05103,'Concón',51);
INSERT INTO COMUNA (COD_COMUNA,NOMBRE,COD_CIUDAD) VALUES (05104,'Juan Fernández',51);
INSERT INTO COMUNA (COD_COMUNA,NOMBRE,COD_CIUDAD) VALUES (05105,'Puchuncaví',51);
INSERT INTO COMUNA (COD_COMUNA,NOMBRE,COD_CIUDAD) VALUES (05801,'Quilpué',58);
INSERT INTO COMUNA (COD_COMUNA,NOMBRE,COD_CIUDAD) VALUES (05107,'Quintero',51);
INSERT INTO COMUNA (COD_COMUNA,NOMBRE,COD_CIUDAD) VALUES (05804,'Villa Alemana',58);
INSERT INTO COMUNA (COD_COMUNA,NOMBRE,COD_CIUDAD) VALUES (05109,'Viña del Mar',51);
INSERT INTO COMUNA (COD_COMUNA,NOMBRE,COD_CIUDAD) VALUES (05201,'Isla de Pascua',52);
INSERT INTO COMUNA (COD_COMUNA,NOMBRE,COD_CIUDAD) VALUES (05301,'Los Andes',53);
INSERT INTO COMUNA (COD_COMUNA,NOMBRE,COD_CIUDAD) VALUES (05302,'Calle Larga',53);
INSERT INTO COMUNA (COD_COMUNA,NOMBRE,COD_CIUDAD) VALUES (05303,'Rinconada',53);
INSERT INTO COMUNA (COD_COMUNA,NOMBRE,COD_CIUDAD) VALUES (05304,'San Esteban',53);
INSERT INTO COMUNA (COD_COMUNA,NOMBRE,COD_CIUDAD) VALUES (05401,'La Ligua',54);
INSERT INTO COMUNA (COD_COMUNA,NOMBRE,COD_CIUDAD) VALUES (05402,'Cabildo',54);
INSERT INTO COMUNA (COD_COMUNA,NOMBRE,COD_CIUDAD) VALUES (05403,'Papudo',54);
INSERT INTO COMUNA (COD_COMUNA,NOMBRE,COD_CIUDAD) VALUES (05404,'Petorca',54);
INSERT INTO COMUNA (COD_COMUNA,NOMBRE,COD_CIUDAD) VALUES (05405,'Zapallar',54);
INSERT INTO COMUNA (COD_COMUNA,NOMBRE,COD_CIUDAD) VALUES (05501,'Quillota',55);
INSERT INTO COMUNA (COD_COMUNA,NOMBRE,COD_CIUDAD) VALUES (05502,'Calera',55);
INSERT INTO COMUNA (COD_COMUNA,NOMBRE,COD_CIUDAD) VALUES (05503,'Hijuelas',55);
INSERT INTO COMUNA (COD_COMUNA,NOMBRE,COD_CIUDAD) VALUES (05504,'La Cruz',55);
INSERT INTO COMUNA (COD_COMUNA,NOMBRE,COD_CIUDAD) VALUES (05802,'Limache',58);
INSERT INTO COMUNA (COD_COMUNA,NOMBRE,COD_CIUDAD) VALUES (05506,'Nogales',55);
INSERT INTO COMUNA (COD_COMUNA,NOMBRE,COD_CIUDAD) VALUES (05803,'Olmué',58);
INSERT INTO COMUNA (COD_COMUNA,NOMBRE,COD_CIUDAD) VALUES (05601,'San Antonio',56);
INSERT INTO COMUNA (COD_COMUNA,NOMBRE,COD_CIUDAD) VALUES (05602,'Algarrobo',56);
INSERT INTO COMUNA (COD_COMUNA,NOMBRE,COD_CIUDAD) VALUES (05603,'Cartagena',56);
INSERT INTO COMUNA (COD_COMUNA,NOMBRE,COD_CIUDAD) VALUES (05604,'El Quisco',56);
INSERT INTO COMUNA (COD_COMUNA,NOMBRE,COD_CIUDAD) VALUES (05605,'El Tabo',56);
INSERT INTO COMUNA (COD_COMUNA,NOMBRE,COD_CIUDAD) VALUES (05606,'Santo Domingo',56);
INSERT INTO COMUNA (COD_COMUNA,NOMBRE,COD_CIUDAD) VALUES (05701,'San Felipe',57);
INSERT INTO COMUNA (COD_COMUNA,NOMBRE,COD_CIUDAD) VALUES (05702,'Catemu',57);
INSERT INTO COMUNA (COD_COMUNA,NOMBRE,COD_CIUDAD) VALUES (05703,'Llaillay',57);
INSERT INTO COMUNA (COD_COMUNA,NOMBRE,COD_CIUDAD) VALUES (05704,'Panquehue',57);
INSERT INTO COMUNA (COD_COMUNA,NOMBRE,COD_CIUDAD) VALUES (05705,'Putaendo',57);
INSERT INTO COMUNA (COD_COMUNA,NOMBRE,COD_CIUDAD) VALUES (05706,'Santa María',57);
INSERT INTO COMUNA (COD_COMUNA,NOMBRE,COD_CIUDAD) VALUES (06101,'Rancagua',61);
INSERT INTO COMUNA (COD_COMUNA,NOMBRE,COD_CIUDAD) VALUES (06102,'Codegua',61);
INSERT INTO COMUNA (COD_COMUNA,NOMBRE,COD_CIUDAD) VALUES (06103,'Coinco',61);
INSERT INTO COMUNA (COD_COMUNA,NOMBRE,COD_CIUDAD) VALUES (06104,'Coltauco',61);
INSERT INTO COMUNA (COD_COMUNA,NOMBRE,COD_CIUDAD) VALUES (06105,'Doñihue',61);
INSERT INTO COMUNA (COD_COMUNA,NOMBRE,COD_CIUDAD) VALUES (06106,'Graneros',61);
INSERT INTO COMUNA (COD_COMUNA,NOMBRE,COD_CIUDAD) VALUES (06107,'Las Cabras',61);
INSERT INTO COMUNA (COD_COMUNA,NOMBRE,COD_CIUDAD) VALUES (06108,'Machalí',61);
INSERT INTO COMUNA (COD_COMUNA,NOMBRE,COD_CIUDAD) VALUES (06109,'Malloa',61);
INSERT INTO COMUNA (COD_COMUNA,NOMBRE,COD_CIUDAD) VALUES (06110,'Mostazal',61);
INSERT INTO COMUNA (COD_COMUNA,NOMBRE,COD_CIUDAD) VALUES (06111,'Olivar',61);
INSERT INTO COMUNA (COD_COMUNA,NOMBRE,COD_CIUDAD) VALUES (06112,'Peumo',61);
INSERT INTO COMUNA (COD_COMUNA,NOMBRE,COD_CIUDAD) VALUES (06113,'Pichidegua',61);
INSERT INTO COMUNA (COD_COMUNA,NOMBRE,COD_CIUDAD) VALUES (06114,'Quinta de Tilcoco',61);
INSERT INTO COMUNA (COD_COMUNA,NOMBRE,COD_CIUDAD) VALUES (06115,'Rengo',61);
INSERT INTO COMUNA (COD_COMUNA,NOMBRE,COD_CIUDAD) VALUES (06116,'Requínoa',61);
INSERT INTO COMUNA (COD_COMUNA,NOMBRE,COD_CIUDAD) VALUES (06117,'San Vicente',61);
INSERT INTO COMUNA (COD_COMUNA,NOMBRE,COD_CIUDAD) VALUES (06201,'Pichilemu',62);
INSERT INTO COMUNA (COD_COMUNA,NOMBRE,COD_CIUDAD) VALUES (06202,'La Estrella',62);
INSERT INTO COMUNA (COD_COMUNA,NOMBRE,COD_CIUDAD) VALUES (06203,'Litueche',62);
INSERT INTO COMUNA (COD_COMUNA,NOMBRE,COD_CIUDAD) VALUES (06204,'Marchihue',62);
INSERT INTO COMUNA (COD_COMUNA,NOMBRE,COD_CIUDAD) VALUES (06205,'Navidad',62);
INSERT INTO COMUNA (COD_COMUNA,NOMBRE,COD_CIUDAD) VALUES (06206,'Paredones',62);
INSERT INTO COMUNA (COD_COMUNA,NOMBRE,COD_CIUDAD) VALUES (06301,'San Fernando',63);
INSERT INTO COMUNA (COD_COMUNA,NOMBRE,COD_CIUDAD) VALUES (06302,'Chépica',63);
INSERT INTO COMUNA (COD_COMUNA,NOMBRE,COD_CIUDAD) VALUES (06303,'Chimbarongo',63);
INSERT INTO COMUNA (COD_COMUNA,NOMBRE,COD_CIUDAD) VALUES (06304,'Lolol',63);
INSERT INTO COMUNA (COD_COMUNA,NOMBRE,COD_CIUDAD) VALUES (06305,'Nancagua',63);
INSERT INTO COMUNA (COD_COMUNA,NOMBRE,COD_CIUDAD) VALUES (06306,'Palmilla',63);
INSERT INTO COMUNA (COD_COMUNA,NOMBRE,COD_CIUDAD) VALUES (06307,'Peralillo',63);
INSERT INTO COMUNA (COD_COMUNA,NOMBRE,COD_CIUDAD) VALUES (06308,'Placilla',63);
INSERT INTO COMUNA (COD_COMUNA,NOMBRE,COD_CIUDAD) VALUES (06309,'Pumanque',63);
INSERT INTO COMUNA (COD_COMUNA,NOMBRE,COD_CIUDAD) VALUES (06310,'Santa Cruz',63);
INSERT INTO COMUNA (COD_COMUNA,NOMBRE,COD_CIUDAD) VALUES (07101,'Talca',71);
INSERT INTO COMUNA (COD_COMUNA,NOMBRE,COD_CIUDAD) VALUES (07102,'Constitución',71);
INSERT INTO COMUNA (COD_COMUNA,NOMBRE,COD_CIUDAD) VALUES (07103,'Curepto',71);
INSERT INTO COMUNA (COD_COMUNA,NOMBRE,COD_CIUDAD) VALUES (07104,'Empedrado',71);
INSERT INTO COMUNA (COD_COMUNA,NOMBRE,COD_CIUDAD) VALUES (07105,'Maule',71);
INSERT INTO COMUNA (COD_COMUNA,NOMBRE,COD_CIUDAD) VALUES (07106,'Pelarco',71);
INSERT INTO COMUNA (COD_COMUNA,NOMBRE,COD_CIUDAD) VALUES (07107,'Pencahue',71);
INSERT INTO COMUNA (COD_COMUNA,NOMBRE,COD_CIUDAD) VALUES (07108,'Río Claro',71);
INSERT INTO COMUNA (COD_COMUNA,NOMBRE,COD_CIUDAD) VALUES (07109,'San Clemente',71);
INSERT INTO COMUNA (COD_COMUNA,NOMBRE,COD_CIUDAD) VALUES (07110,'San Rafael',71);
INSERT INTO COMUNA (COD_COMUNA,NOMBRE,COD_CIUDAD) VALUES (07201,'Cauquenes',72);
INSERT INTO COMUNA (COD_COMUNA,NOMBRE,COD_CIUDAD) VALUES (07202,'Chanco',72);
INSERT INTO COMUNA (COD_COMUNA,NOMBRE,COD_CIUDAD) VALUES (07203,'Pelluhue',72);
INSERT INTO COMUNA (COD_COMUNA,NOMBRE,COD_CIUDAD) VALUES (07301,'Curicó',73);
INSERT INTO COMUNA (COD_COMUNA,NOMBRE,COD_CIUDAD) VALUES (07302,'Hualañé',73);
INSERT INTO COMUNA (COD_COMUNA,NOMBRE,COD_CIUDAD) VALUES (07303,'Licantén',73);
INSERT INTO COMUNA (COD_COMUNA,NOMBRE,COD_CIUDAD) VALUES (07304,'Molina',73);
INSERT INTO COMUNA (COD_COMUNA,NOMBRE,COD_CIUDAD) VALUES (07305,'Rauco',73);
INSERT INTO COMUNA (COD_COMUNA,NOMBRE,COD_CIUDAD) VALUES (07306,'Romeral',73);
INSERT INTO COMUNA (COD_COMUNA,NOMBRE,COD_CIUDAD) VALUES (07307,'Sagrada Familia',73);
INSERT INTO COMUNA (COD_COMUNA,NOMBRE,COD_CIUDAD) VALUES (07308,'Teno',73);
INSERT INTO COMUNA (COD_COMUNA,NOMBRE,COD_CIUDAD) VALUES (07309,'Vichuquén',73);
INSERT INTO COMUNA (COD_COMUNA,NOMBRE,COD_CIUDAD) VALUES (07401,'Linares',74);
INSERT INTO COMUNA (COD_COMUNA,NOMBRE,COD_CIUDAD) VALUES (07402,'Colbún',74);
INSERT INTO COMUNA (COD_COMUNA,NOMBRE,COD_CIUDAD) VALUES (07403,'Longaví',74);
INSERT INTO COMUNA (COD_COMUNA,NOMBRE,COD_CIUDAD) VALUES (07404,'Parral',74);
INSERT INTO COMUNA (COD_COMUNA,NOMBRE,COD_CIUDAD) VALUES (07405,'Retiro',74);
INSERT INTO COMUNA (COD_COMUNA,NOMBRE,COD_CIUDAD) VALUES (07406,'San Javier',74);
INSERT INTO COMUNA (COD_COMUNA,NOMBRE,COD_CIUDAD) VALUES (07407,'Villa Alegre',74);
INSERT INTO COMUNA (COD_COMUNA,NOMBRE,COD_CIUDAD) VALUES (07408,'Yerbas Buenas',74);
INSERT INTO COMUNA (COD_COMUNA,NOMBRE,COD_CIUDAD) VALUES (08101,'Concepción',81);
INSERT INTO COMUNA (COD_COMUNA,NOMBRE,COD_CIUDAD) VALUES (08102,'Coronel',81);
INSERT INTO COMUNA (COD_COMUNA,NOMBRE,COD_CIUDAD) VALUES (08103,'Chiguayante',81);
INSERT INTO COMUNA (COD_COMUNA,NOMBRE,COD_CIUDAD) VALUES (08104,'Florida',81);
INSERT INTO COMUNA (COD_COMUNA,NOMBRE,COD_CIUDAD) VALUES (08105,'Hualqui',81);
INSERT INTO COMUNA (COD_COMUNA,NOMBRE,COD_CIUDAD) VALUES (08106,'Lota',81);
INSERT INTO COMUNA (COD_COMUNA,NOMBRE,COD_CIUDAD) VALUES (08107,'Penco',81);
INSERT INTO COMUNA (COD_COMUNA,NOMBRE,COD_CIUDAD) VALUES (08108,'San Pedro de la Paz',81);
INSERT INTO COMUNA (COD_COMUNA,NOMBRE,COD_CIUDAD) VALUES (08109,'Santa Juana',81);
INSERT INTO COMUNA (COD_COMUNA,NOMBRE,COD_CIUDAD) VALUES (08110,'Talcahuano',81);
INSERT INTO COMUNA (COD_COMUNA,NOMBRE,COD_CIUDAD) VALUES (08111,'Tomé',81);
INSERT INTO COMUNA (COD_COMUNA,NOMBRE,COD_CIUDAD) VALUES (08112,'Hualpén',81);
INSERT INTO COMUNA (COD_COMUNA,NOMBRE,COD_CIUDAD) VALUES (08201,'Lebu',82);
INSERT INTO COMUNA (COD_COMUNA,NOMBRE,COD_CIUDAD) VALUES (08202,'Arauco',82);
INSERT INTO COMUNA (COD_COMUNA,NOMBRE,COD_CIUDAD) VALUES (08203,'Cañete',82);
INSERT INTO COMUNA (COD_COMUNA,NOMBRE,COD_CIUDAD) VALUES (08204,'Contulmo',82);
INSERT INTO COMUNA (COD_COMUNA,NOMBRE,COD_CIUDAD) VALUES (08205,'Curanilahue',82);
INSERT INTO COMUNA (COD_COMUNA,NOMBRE,COD_CIUDAD) VALUES (08206,'Los Álamos',82);
INSERT INTO COMUNA (COD_COMUNA,NOMBRE,COD_CIUDAD) VALUES (08207,'Tirúa',82);
INSERT INTO COMUNA (COD_COMUNA,NOMBRE,COD_CIUDAD) VALUES (08301,'Los Ángeles',83);
INSERT INTO COMUNA (COD_COMUNA,NOMBRE,COD_CIUDAD) VALUES (08302,'Antuco',83);
INSERT INTO COMUNA (COD_COMUNA,NOMBRE,COD_CIUDAD) VALUES (08303,'Cabrero',83);
INSERT INTO COMUNA (COD_COMUNA,NOMBRE,COD_CIUDAD) VALUES (08304,'Laja',83);
INSERT INTO COMUNA (COD_COMUNA,NOMBRE,COD_CIUDAD) VALUES (08305,'Mulchén',83);
INSERT INTO COMUNA (COD_COMUNA,NOMBRE,COD_CIUDAD) VALUES (08306,'Nacimiento',83);
INSERT INTO COMUNA (COD_COMUNA,NOMBRE,COD_CIUDAD) VALUES (08307,'Negrete',83);
INSERT INTO COMUNA (COD_COMUNA,NOMBRE,COD_CIUDAD) VALUES (08308,'Quilaco',83);
INSERT INTO COMUNA (COD_COMUNA,NOMBRE,COD_CIUDAD) VALUES (08309,'Quilleco',83);
INSERT INTO COMUNA (COD_COMUNA,NOMBRE,COD_CIUDAD) VALUES (08310,'San Rosendo',83);
INSERT INTO COMUNA (COD_COMUNA,NOMBRE,COD_CIUDAD) VALUES (08311,'Santa Bárbara',83);
INSERT INTO COMUNA (COD_COMUNA,NOMBRE,COD_CIUDAD) VALUES (08312,'Tucapel',83);
INSERT INTO COMUNA (COD_COMUNA,NOMBRE,COD_CIUDAD) VALUES (08313,'Yumbel',83);
INSERT INTO COMUNA (COD_COMUNA,NOMBRE,COD_CIUDAD) VALUES (08314,'Alto Biobío',83);
INSERT INTO COMUNA (COD_COMUNA,NOMBRE,COD_CIUDAD) VALUES (08401,'Chillán',84);
INSERT INTO COMUNA (COD_COMUNA,NOMBRE,COD_CIUDAD) VALUES (08402,'Bulnes',84);
INSERT INTO COMUNA (COD_COMUNA,NOMBRE,COD_CIUDAD) VALUES (08403,'Cobquecura',84);
INSERT INTO COMUNA (COD_COMUNA,NOMBRE,COD_CIUDAD) VALUES (08404,'Coelemu',84);
INSERT INTO COMUNA (COD_COMUNA,NOMBRE,COD_CIUDAD) VALUES (08405,'Coihueco',84);
INSERT INTO COMUNA (COD_COMUNA,NOMBRE,COD_CIUDAD) VALUES (08406,'Chillán Viejo',84);
INSERT INTO COMUNA (COD_COMUNA,NOMBRE,COD_CIUDAD) VALUES (08407,'El Carmen',84);
INSERT INTO COMUNA (COD_COMUNA,NOMBRE,COD_CIUDAD) VALUES (08408,'Ninhue',84);
INSERT INTO COMUNA (COD_COMUNA,NOMBRE,COD_CIUDAD) VALUES (08409,'Ñiquén',84);
INSERT INTO COMUNA (COD_COMUNA,NOMBRE,COD_CIUDAD) VALUES (08410,'Pemuco',84);
INSERT INTO COMUNA (COD_COMUNA,NOMBRE,COD_CIUDAD) VALUES (08411,'Pinto',84);
INSERT INTO COMUNA (COD_COMUNA,NOMBRE,COD_CIUDAD) VALUES (08412,'Portezuelo',84);
INSERT INTO COMUNA (COD_COMUNA,NOMBRE,COD_CIUDAD) VALUES (08413,'Quillón',84);
INSERT INTO COMUNA (COD_COMUNA,NOMBRE,COD_CIUDAD) VALUES (08414,'Quirihue',84);
INSERT INTO COMUNA (COD_COMUNA,NOMBRE,COD_CIUDAD) VALUES (08415,'Ránquil',84);
INSERT INTO COMUNA (COD_COMUNA,NOMBRE,COD_CIUDAD) VALUES (08416,'San Carlos',84);
INSERT INTO COMUNA (COD_COMUNA,NOMBRE,COD_CIUDAD) VALUES (08417,'San Fabián',84);
INSERT INTO COMUNA (COD_COMUNA,NOMBRE,COD_CIUDAD) VALUES (08418,'San Ignacio',84);
INSERT INTO COMUNA (COD_COMUNA,NOMBRE,COD_CIUDAD) VALUES (08419,'San Nicolás',84);
INSERT INTO COMUNA (COD_COMUNA,NOMBRE,COD_CIUDAD) VALUES (08420,'Treguaco',84);
INSERT INTO COMUNA (COD_COMUNA,NOMBRE,COD_CIUDAD) VALUES (08421,'Yungay',84);
INSERT INTO COMUNA (COD_COMUNA,NOMBRE,COD_CIUDAD) VALUES (09101,'Temuco',91);
INSERT INTO COMUNA (COD_COMUNA,NOMBRE,COD_CIUDAD) VALUES (09102,'Carahue',91);
INSERT INTO COMUNA (COD_COMUNA,NOMBRE,COD_CIUDAD) VALUES (09103,'Cunco',91);
INSERT INTO COMUNA (COD_COMUNA,NOMBRE,COD_CIUDAD) VALUES (09104,'Curarrehue',91);
INSERT INTO COMUNA (COD_COMUNA,NOMBRE,COD_CIUDAD) VALUES (09105,'Freire',91);
INSERT INTO COMUNA (COD_COMUNA,NOMBRE,COD_CIUDAD) VALUES (09106,'Galvarino',91);
INSERT INTO COMUNA (COD_COMUNA,NOMBRE,COD_CIUDAD) VALUES (09107,'Gorbea',91);
INSERT INTO COMUNA (COD_COMUNA,NOMBRE,COD_CIUDAD) VALUES (09108,'Lautaro',91);
INSERT INTO COMUNA (COD_COMUNA,NOMBRE,COD_CIUDAD) VALUES (09109,'Loncoche',91);
INSERT INTO COMUNA (COD_COMUNA,NOMBRE,COD_CIUDAD) VALUES (09110,'Melipeuco',91);
INSERT INTO COMUNA (COD_COMUNA,NOMBRE,COD_CIUDAD) VALUES (09111,'Nueva Imperial',91);
INSERT INTO COMUNA (COD_COMUNA,NOMBRE,COD_CIUDAD) VALUES (09112,'Padre Las Casas',91);
INSERT INTO COMUNA (COD_COMUNA,NOMBRE,COD_CIUDAD) VALUES (09113,'Perquenco',91);
INSERT INTO COMUNA (COD_COMUNA,NOMBRE,COD_CIUDAD) VALUES (09114,'Pitrufquén',91);
INSERT INTO COMUNA (COD_COMUNA,NOMBRE,COD_CIUDAD) VALUES (09115,'Pucón',91);
INSERT INTO COMUNA (COD_COMUNA,NOMBRE,COD_CIUDAD) VALUES (09116,'Saavedra',91);
INSERT INTO COMUNA (COD_COMUNA,NOMBRE,COD_CIUDAD) VALUES (09117,'Teodoro Schmidt',91);
INSERT INTO COMUNA (COD_COMUNA,NOMBRE,COD_CIUDAD) VALUES (09118,'Toltén',91);
INSERT INTO COMUNA (COD_COMUNA,NOMBRE,COD_CIUDAD) VALUES (09119,'Vilcún',91);
INSERT INTO COMUNA (COD_COMUNA,NOMBRE,COD_CIUDAD) VALUES (09120,'Villarrica',91);
INSERT INTO COMUNA (COD_COMUNA,NOMBRE,COD_CIUDAD) VALUES (09121,'Cholchol',91);
INSERT INTO COMUNA (COD_COMUNA,NOMBRE,COD_CIUDAD) VALUES (09201,'Angol',92);
INSERT INTO COMUNA (COD_COMUNA,NOMBRE,COD_CIUDAD) VALUES (09202,'Collipulli',92);
INSERT INTO COMUNA (COD_COMUNA,NOMBRE,COD_CIUDAD) VALUES (09203,'Curacautín',92);
INSERT INTO COMUNA (COD_COMUNA,NOMBRE,COD_CIUDAD) VALUES (09204,'Ercilla',92);
INSERT INTO COMUNA (COD_COMUNA,NOMBRE,COD_CIUDAD) VALUES (09205,'Lonquimay',92);
INSERT INTO COMUNA (COD_COMUNA,NOMBRE,COD_CIUDAD) VALUES (09206,'Los Sauces',92);
INSERT INTO COMUNA (COD_COMUNA,NOMBRE,COD_CIUDAD) VALUES (09207,'Lumaco',92);
INSERT INTO COMUNA (COD_COMUNA,NOMBRE,COD_CIUDAD) VALUES (09208,'Purén',92);
INSERT INTO COMUNA (COD_COMUNA,NOMBRE,COD_CIUDAD) VALUES (09209,'Renaico',92);
INSERT INTO COMUNA (COD_COMUNA,NOMBRE,COD_CIUDAD) VALUES (09210,'Traiguén',92);
INSERT INTO COMUNA (COD_COMUNA,NOMBRE,COD_CIUDAD) VALUES (09211,'Victoria',92);
INSERT INTO COMUNA (COD_COMUNA,NOMBRE,COD_CIUDAD) VALUES (14101,'Valdivia',141);
INSERT INTO COMUNA (COD_COMUNA,NOMBRE,COD_CIUDAD) VALUES (14102,'Corral',141);
INSERT INTO COMUNA (COD_COMUNA,NOMBRE,COD_CIUDAD) VALUES (14103,'Lanco',141);
INSERT INTO COMUNA (COD_COMUNA,NOMBRE,COD_CIUDAD) VALUES (14104,'Los Lagos',141);
INSERT INTO COMUNA (COD_COMUNA,NOMBRE,COD_CIUDAD) VALUES (14105,'Máfil',141);
INSERT INTO COMUNA (COD_COMUNA,NOMBRE,COD_CIUDAD) VALUES (14106,'Mariquina',141);
INSERT INTO COMUNA (COD_COMUNA,NOMBRE,COD_CIUDAD) VALUES (14107,'Paillaco',141);
INSERT INTO COMUNA (COD_COMUNA,NOMBRE,COD_CIUDAD) VALUES (14108,'Panguipulli',141);
INSERT INTO COMUNA (COD_COMUNA,NOMBRE,COD_CIUDAD) VALUES (14201,'La Unión',142);
INSERT INTO COMUNA (COD_COMUNA,NOMBRE,COD_CIUDAD) VALUES (14202,'Futrono',142);
INSERT INTO COMUNA (COD_COMUNA,NOMBRE,COD_CIUDAD) VALUES (14203,'Lago Ranco',142);
INSERT INTO COMUNA (COD_COMUNA,NOMBRE,COD_CIUDAD) VALUES (14204,'Río Bueno',142);
INSERT INTO COMUNA (COD_COMUNA,NOMBRE,COD_CIUDAD) VALUES (10101,'Puerto Montt',101);
INSERT INTO COMUNA (COD_COMUNA,NOMBRE,COD_CIUDAD) VALUES (10102,'Calbuco',101);
INSERT INTO COMUNA (COD_COMUNA,NOMBRE,COD_CIUDAD) VALUES (10103,'Cochamó',101);
INSERT INTO COMUNA (COD_COMUNA,NOMBRE,COD_CIUDAD) VALUES (10104,'Fresia',101);
INSERT INTO COMUNA (COD_COMUNA,NOMBRE,COD_CIUDAD) VALUES (10105,'Frutillar',101);
INSERT INTO COMUNA (COD_COMUNA,NOMBRE,COD_CIUDAD) VALUES (10106,'Los Muermos',101);
INSERT INTO COMUNA (COD_COMUNA,NOMBRE,COD_CIUDAD) VALUES (10107,'Llanquihue',101);
INSERT INTO COMUNA (COD_COMUNA,NOMBRE,COD_CIUDAD) VALUES (10108,'Maullín',101);
INSERT INTO COMUNA (COD_COMUNA,NOMBRE,COD_CIUDAD) VALUES (10109,'Puerto Varas',101);
INSERT INTO COMUNA (COD_COMUNA,NOMBRE,COD_CIUDAD) VALUES (10201,'Castro',102);
INSERT INTO COMUNA (COD_COMUNA,NOMBRE,COD_CIUDAD) VALUES (10202,'Ancud',102);
INSERT INTO COMUNA (COD_COMUNA,NOMBRE,COD_CIUDAD) VALUES (10203,'Chonchi',102);
INSERT INTO COMUNA (COD_COMUNA,NOMBRE,COD_CIUDAD) VALUES (10204,'Curaco de Vélez',102);
INSERT INTO COMUNA (COD_COMUNA,NOMBRE,COD_CIUDAD) VALUES (10205,'Dalcahue',102);
INSERT INTO COMUNA (COD_COMUNA,NOMBRE,COD_CIUDAD) VALUES (10206,'Puqueldón',102);
INSERT INTO COMUNA (COD_COMUNA,NOMBRE,COD_CIUDAD) VALUES (10207,'Queilén',102);
INSERT INTO COMUNA (COD_COMUNA,NOMBRE,COD_CIUDAD) VALUES (10208,'Quellón',102);
INSERT INTO COMUNA (COD_COMUNA,NOMBRE,COD_CIUDAD) VALUES (10209,'Quemchi',102);
INSERT INTO COMUNA (COD_COMUNA,NOMBRE,COD_CIUDAD) VALUES (10210,'Quinchao',102);
INSERT INTO COMUNA (COD_COMUNA,NOMBRE,COD_CIUDAD) VALUES (10301,'Osorno',103);
INSERT INTO COMUNA (COD_COMUNA,NOMBRE,COD_CIUDAD) VALUES (10302,'Puerto Octay',103);
INSERT INTO COMUNA (COD_COMUNA,NOMBRE,COD_CIUDAD) VALUES (10303,'Purranque',103);
INSERT INTO COMUNA (COD_COMUNA,NOMBRE,COD_CIUDAD) VALUES (10304,'Puyehue',103);
INSERT INTO COMUNA (COD_COMUNA,NOMBRE,COD_CIUDAD) VALUES (10305,'Río Negro',103);
INSERT INTO COMUNA (COD_COMUNA,NOMBRE,COD_CIUDAD) VALUES (10306,'San Juan de la Costa',103);
INSERT INTO COMUNA (COD_COMUNA,NOMBRE,COD_CIUDAD) VALUES (10307,'San Pablo',103);
INSERT INTO COMUNA (COD_COMUNA,NOMBRE,COD_CIUDAD) VALUES (10401,'Chaitén',104);
INSERT INTO COMUNA (COD_COMUNA,NOMBRE,COD_CIUDAD) VALUES (10402,'Futaleufú',104);
INSERT INTO COMUNA (COD_COMUNA,NOMBRE,COD_CIUDAD) VALUES (10403,'Hualaihué',104);
INSERT INTO COMUNA (COD_COMUNA,NOMBRE,COD_CIUDAD) VALUES (10404,'Palena',104);
INSERT INTO COMUNA (COD_COMUNA,NOMBRE,COD_CIUDAD) VALUES (11101,'Coyhaique',111);
INSERT INTO COMUNA (COD_COMUNA,NOMBRE,COD_CIUDAD) VALUES (11102,'Lago Verde',111);
INSERT INTO COMUNA (COD_COMUNA,NOMBRE,COD_CIUDAD) VALUES (11201,'Aysén',112);
INSERT INTO COMUNA (COD_COMUNA,NOMBRE,COD_CIUDAD) VALUES (11202,'Cisnes',112);
INSERT INTO COMUNA (COD_COMUNA,NOMBRE,COD_CIUDAD) VALUES (11203,'Guaitecas',112);
INSERT INTO COMUNA (COD_COMUNA,NOMBRE,COD_CIUDAD) VALUES (11301,'Cochrane',113);
INSERT INTO COMUNA (COD_COMUNA,NOMBRE,COD_CIUDAD) VALUES (11302,'O’Higgins',113);
INSERT INTO COMUNA (COD_COMUNA,NOMBRE,COD_CIUDAD) VALUES (11303,'Tortel',113);
INSERT INTO COMUNA (COD_COMUNA,NOMBRE,COD_CIUDAD) VALUES (11401,'Chile Chico',114);
INSERT INTO COMUNA (COD_COMUNA,NOMBRE,COD_CIUDAD) VALUES (11402,'Río Ibáñez',114);
INSERT INTO COMUNA (COD_COMUNA,NOMBRE,COD_CIUDAD) VALUES (12101,'Punta Arenas',121);
INSERT INTO COMUNA (COD_COMUNA,NOMBRE,COD_CIUDAD) VALUES (12102,'Laguna Blanca',121);
INSERT INTO COMUNA (COD_COMUNA,NOMBRE,COD_CIUDAD) VALUES (12103,'Río Verde',121);
INSERT INTO COMUNA (COD_COMUNA,NOMBRE,COD_CIUDAD) VALUES (12104,'San Gregorio',121);
INSERT INTO COMUNA (COD_COMUNA,NOMBRE,COD_CIUDAD) VALUES (12201,'Cabo de Hornos (Ex - Navarino)',122);
INSERT INTO COMUNA (COD_COMUNA,NOMBRE,COD_CIUDAD) VALUES (12202,'Antártica',122);
INSERT INTO COMUNA (COD_COMUNA,NOMBRE,COD_CIUDAD) VALUES (12301,'Porvenir',123);
INSERT INTO COMUNA (COD_COMUNA,NOMBRE,COD_CIUDAD) VALUES (12302,'Primavera',123);
INSERT INTO COMUNA (COD_COMUNA,NOMBRE,COD_CIUDAD) VALUES (12303,'Timaukel',123);
INSERT INTO COMUNA (COD_COMUNA,NOMBRE,COD_CIUDAD) VALUES (12401,'Natales',124);
INSERT INTO COMUNA (COD_COMUNA,NOMBRE,COD_CIUDAD) VALUES (12402,'Torres del Paine',124);
INSERT INTO COMUNA (COD_COMUNA,NOMBRE,COD_CIUDAD) VALUES (13101,'Santiago',131);
INSERT INTO COMUNA (COD_COMUNA,NOMBRE,COD_CIUDAD) VALUES (13102,'Cerrillos',131);
INSERT INTO COMUNA (COD_COMUNA,NOMBRE,COD_CIUDAD) VALUES (13103,'Cerro Navia',131);
INSERT INTO COMUNA (COD_COMUNA,NOMBRE,COD_CIUDAD) VALUES (13104,'Conchalí',131);
INSERT INTO COMUNA (COD_COMUNA,NOMBRE,COD_CIUDAD) VALUES (13105,'El Bosque',131);
INSERT INTO COMUNA (COD_COMUNA,NOMBRE,COD_CIUDAD) VALUES (13106,'Estación Central',131);
INSERT INTO COMUNA (COD_COMUNA,NOMBRE,COD_CIUDAD) VALUES (13107,'Huechuraba',131);
INSERT INTO COMUNA (COD_COMUNA,NOMBRE,COD_CIUDAD) VALUES (13108,'Independencia',131);
INSERT INTO COMUNA (COD_COMUNA,NOMBRE,COD_CIUDAD) VALUES (13109,'La Cisterna',131);
INSERT INTO COMUNA (COD_COMUNA,NOMBRE,COD_CIUDAD) VALUES (13110,'La Florida',131);
INSERT INTO COMUNA (COD_COMUNA,NOMBRE,COD_CIUDAD) VALUES (13111,'La Granja',131);
INSERT INTO COMUNA (COD_COMUNA,NOMBRE,COD_CIUDAD) VALUES (13112,'La Pintana',131);
INSERT INTO COMUNA (COD_COMUNA,NOMBRE,COD_CIUDAD) VALUES (13113,'La Reina',131);
INSERT INTO COMUNA (COD_COMUNA,NOMBRE,COD_CIUDAD) VALUES (13114,'Las Condes',131);
INSERT INTO COMUNA (COD_COMUNA,NOMBRE,COD_CIUDAD) VALUES (13115,'Lo Barnechea',131);
INSERT INTO COMUNA (COD_COMUNA,NOMBRE,COD_CIUDAD) VALUES (13116,'Lo Espejo',131);
INSERT INTO COMUNA (COD_COMUNA,NOMBRE,COD_CIUDAD) VALUES (13117,'Lo Prado',131);
INSERT INTO COMUNA (COD_COMUNA,NOMBRE,COD_CIUDAD) VALUES (13118,'Macul',131);
INSERT INTO COMUNA (COD_COMUNA,NOMBRE,COD_CIUDAD) VALUES (13119,'Maipú',131);
INSERT INTO COMUNA (COD_COMUNA,NOMBRE,COD_CIUDAD) VALUES (13120,'Ñuñoa',131);
INSERT INTO COMUNA (COD_COMUNA,NOMBRE,COD_CIUDAD) VALUES (13121,'Pedro Aguirre Cerda',131);
INSERT INTO COMUNA (COD_COMUNA,NOMBRE,COD_CIUDAD) VALUES (13122,'Peñalolén',131);
INSERT INTO COMUNA (COD_COMUNA,NOMBRE,COD_CIUDAD) VALUES (13123,'Providencia',131);
INSERT INTO COMUNA (COD_COMUNA,NOMBRE,COD_CIUDAD) VALUES (13124,'Pudahuel',131);
INSERT INTO COMUNA (COD_COMUNA,NOMBRE,COD_CIUDAD) VALUES (13125,'Quilicura',131);
INSERT INTO COMUNA (COD_COMUNA,NOMBRE,COD_CIUDAD) VALUES (13126,'Quinta Normal',131);
INSERT INTO COMUNA (COD_COMUNA,NOMBRE,COD_CIUDAD) VALUES (13127,'Recoleta',131);
INSERT INTO COMUNA (COD_COMUNA,NOMBRE,COD_CIUDAD) VALUES (13128,'Renca',131);
INSERT INTO COMUNA (COD_COMUNA,NOMBRE,COD_CIUDAD) VALUES (13129,'San Joaquín',131);
INSERT INTO COMUNA (COD_COMUNA,NOMBRE,COD_CIUDAD) VALUES (13130,'San Miguel',131);
INSERT INTO COMUNA (COD_COMUNA,NOMBRE,COD_CIUDAD) VALUES (13131,'San Ramón',131);
INSERT INTO COMUNA (COD_COMUNA,NOMBRE,COD_CIUDAD) VALUES (13132,'Vitacura',131);
INSERT INTO COMUNA (COD_COMUNA,NOMBRE,COD_CIUDAD) VALUES (13201,'Puente Alto',132);
INSERT INTO COMUNA (COD_COMUNA,NOMBRE,COD_CIUDAD) VALUES (13202,'Pirque',132);
INSERT INTO COMUNA (COD_COMUNA,NOMBRE,COD_CIUDAD) VALUES (13203,'San José de Maipo',132);
INSERT INTO COMUNA (COD_COMUNA,NOMBRE,COD_CIUDAD) VALUES (13301,'Colina',133);
INSERT INTO COMUNA (COD_COMUNA,NOMBRE,COD_CIUDAD) VALUES (13302,'Lampa ',133);
INSERT INTO COMUNA (COD_COMUNA,NOMBRE,COD_CIUDAD) VALUES (13303,'Tiltil',133);
INSERT INTO COMUNA (COD_COMUNA,NOMBRE,COD_CIUDAD) VALUES (13401,'San Bernardo',134);
INSERT INTO COMUNA (COD_COMUNA,NOMBRE,COD_CIUDAD) VALUES (13402,'Buin',134);
INSERT INTO COMUNA (COD_COMUNA,NOMBRE,COD_CIUDAD) VALUES (13403,'Calera de Tango',134);
INSERT INTO COMUNA (COD_COMUNA,NOMBRE,COD_CIUDAD) VALUES (13404,'Paine',134);
INSERT INTO COMUNA (COD_COMUNA,NOMBRE,COD_CIUDAD) VALUES (13501,'Melipilla',135);
INSERT INTO COMUNA (COD_COMUNA,NOMBRE,COD_CIUDAD) VALUES (13502,'Alhué',135);
INSERT INTO COMUNA (COD_COMUNA,NOMBRE,COD_CIUDAD) VALUES (13503,'Curacaví',135);
INSERT INTO COMUNA (COD_COMUNA,NOMBRE,COD_CIUDAD) VALUES (13504,'María Pinto',135);
INSERT INTO COMUNA (COD_COMUNA,NOMBRE,COD_CIUDAD) VALUES (13505,'San Pedro',135);
INSERT INTO COMUNA (COD_COMUNA,NOMBRE,COD_CIUDAD) VALUES (13601,'Talagante',136);
INSERT INTO COMUNA (COD_COMUNA,NOMBRE,COD_CIUDAD) VALUES (13602,'El Monte',136);
INSERT INTO COMUNA (COD_COMUNA,NOMBRE,COD_CIUDAD) VALUES (13603,'Isla de Maipo',136);
INSERT INTO COMUNA (COD_COMUNA,NOMBRE,COD_CIUDAD) VALUES (13604,'Padre Hurtado',136);
INSERT INTO COMUNA (COD_COMUNA,NOMBRE,COD_CIUDAD) VALUES (13605,'Peñaflor',136);

--CLIENTES
INSERT INTO CLIENTE (RUT_CLIENTE,NOMBRE,APE_PATERNO,APE_MATERNO,DIRECCION,MAIL,COD_COMUNA,COD_TIPO) VALUES ('37033201-0','Alfonso','Flowers','Talley','Apartado núm.: 751, 8913 Lacus. Avenida','laoreet.ipsum.Curabitur@posuereenimnisl.com',13110,1);
INSERT INTO CLIENTE (RUT_CLIENTE,NOMBRE,APE_PATERNO,APE_MATERNO,DIRECCION,MAIL,COD_COMUNA,COD_TIPO) VALUES ('30491563-3','Cecilia','Lawson','Crane','190-1086 Neque Ctra.','libero.et.tristique@acarcu.ca',13111,1);
INSERT INTO CLIENTE (RUT_CLIENTE,NOMBRE,APE_PATERNO,APE_MATERNO,DIRECCION,MAIL,COD_COMUNA,COD_TIPO) VALUES ('22239536-4','Kiayada','Boyd','Valencia','6036 Laoreet Ctra.','ornare@libero.org',13112,1);
INSERT INTO CLIENTE (RUT_CLIENTE,NOMBRE,APE_PATERNO,APE_MATERNO,DIRECCION,MAIL,COD_COMUNA,COD_TIPO) VALUES ('13302004-7','Samson','Goff','Figueroa','Apartado núm.: 458, 5083 Purus C/','Nunc@luctuset.co.uk',13113,1);
INSERT INTO CLIENTE (RUT_CLIENTE,NOMBRE,APE_PATERNO,APE_MATERNO,DIRECCION,MAIL,COD_COMUNA,COD_TIPO) VALUES ('15467034-3','Natalie','George','Marks','144-2612 Eleifend C.','ac.turpis.egestas@tristique.co.uk',13114,1);
INSERT INTO CLIENTE (RUT_CLIENTE,NOMBRE,APE_PATERNO,APE_MATERNO,DIRECCION,MAIL,COD_COMUNA,COD_TIPO) VALUES ('7812843-7','Jordan','Tran','Soto','Apdo.:576-716 Nulla Av.','Phasellus.libero@pedeet.ca',13115,1);
INSERT INTO CLIENTE (RUT_CLIENTE,NOMBRE,APE_PATERNO,APE_MATERNO,DIRECCION,MAIL,COD_COMUNA,COD_TIPO) VALUES ('28316875-1','David','Garrison','Buckner','Apartado núm.: 303, 5673 Egestas C.','scelerisque@libero.net',13116,1);
INSERT INTO CLIENTE (RUT_CLIENTE,NOMBRE,APE_PATERNO,APE_MATERNO,DIRECCION,MAIL,COD_COMUNA,COD_TIPO) VALUES ('33319870-3','Ava','Mclaughlin','Jacobson','Apartado núm.: 395, 4084 Eros. Calle','adipiscing.fringilla@leo.net',13117,1);
INSERT INTO CLIENTE (RUT_CLIENTE,NOMBRE,APE_PATERNO,APE_MATERNO,DIRECCION,MAIL,COD_COMUNA,COD_TIPO) VALUES ('26769415-K','Gretchen','Meadows','Vincent','301-4990 Luctus Carretera','Donec.est.Nunc@volutpat.org',13118,1);
INSERT INTO CLIENTE (RUT_CLIENTE,NOMBRE,APE_PATERNO,APE_MATERNO,DIRECCION,MAIL,COD_COMUNA,COD_TIPO) VALUES ('36523709-3','Tatyana','Curtis','West','5810 Vitae Ctra.','blandit.enim.consequat@iaculisnec.com',13119,1);
INSERT INTO CLIENTE (RUT_CLIENTE,NOMBRE,APE_PATERNO,APE_MATERNO,DIRECCION,MAIL,COD_COMUNA,COD_TIPO) VALUES ('35233781-1','Alea','Bishop','Byers','4402 Leo. Ctra.','Mauris.non@Aliquamfringillacursus.edu',13120,1);
INSERT INTO CLIENTE (RUT_CLIENTE,NOMBRE,APE_PATERNO,APE_MATERNO,DIRECCION,MAIL,COD_COMUNA,COD_TIPO) VALUES ('45540739-7','Mikayla','Hurst','Black','116-8897 Natoque Avda.','Nulla.tincidunt@nuncullamcorpereu.co.uk',13121,1);
INSERT INTO CLIENTE (RUT_CLIENTE,NOMBRE,APE_PATERNO,APE_MATERNO,DIRECCION,MAIL,COD_COMUNA,COD_TIPO) VALUES ('10698858-7','Candice','Brooks','Gill','124-5478 Etiam C/','mauris.aliquam@etnuncQuisque.co.uk',13122,1);
INSERT INTO CLIENTE (RUT_CLIENTE,NOMBRE,APE_PATERNO,APE_MATERNO,DIRECCION,MAIL,COD_COMUNA,COD_TIPO) VALUES ('20964448-7','Erasmus','Landry','Harmon','572-2240 Vitae, Carretera','et.risus.Quisque@tristiquesenectus.com',13123,1);
INSERT INTO CLIENTE (RUT_CLIENTE,NOMBRE,APE_PATERNO,APE_MATERNO,DIRECCION,MAIL,COD_COMUNA,COD_TIPO) VALUES ('41469461-6','Tucker','Flowers','Nelson','9323 Erat C/','sit.amet.metus@lobortisauguescelerisque.org',13124,1);
INSERT INTO CLIENTE (RUT_CLIENTE,NOMBRE,APE_PATERNO,APE_MATERNO,DIRECCION,MAIL,COD_COMUNA,COD_TIPO) VALUES ('6501935-3','Lisandra','Coleman','Griffith','Apartado núm.: 600, 1805 Congue. Av.','enim.Suspendisse@a.net',13125,1);
INSERT INTO CLIENTE (RUT_CLIENTE,NOMBRE,APE_PATERNO,APE_MATERNO,DIRECCION,MAIL,COD_COMUNA,COD_TIPO) VALUES ('21763366-4','Troy','Stafford','Mathis','Apartado núm.: 164, 4925 Et C.','egestas.Aliquam.nec@iaculisaliquet.co.uk',13126,1);
INSERT INTO CLIENTE (RUT_CLIENTE,NOMBRE,APE_PATERNO,APE_MATERNO,DIRECCION,MAIL,COD_COMUNA,COD_TIPO) VALUES ('37163157-7','Ebony','Quinn','Key','Apartado núm.: 755, 2087 Cras Avenida','Phasellus.nulla@nibh.org',13127,1);
INSERT INTO CLIENTE (RUT_CLIENTE,NOMBRE,APE_PATERNO,APE_MATERNO,DIRECCION,MAIL,COD_COMUNA,COD_TIPO) VALUES ('41193905-7','Anika','Simon','Meyers','Apartado núm.: 535, 777 Facilisis, Avenida','Etiam@viverraDonec.net',13128,1);
INSERT INTO CLIENTE (RUT_CLIENTE,NOMBRE,APE_PATERNO,APE_MATERNO,DIRECCION,MAIL,COD_COMUNA,COD_TIPO) VALUES ('28777117-7','Wynne','Clements','Lloyd','754-2492 Lacinia ','Mauris@sitametconsectetuer.ca',13129,1);
INSERT INTO CLIENTE (RUT_CLIENTE,NOMBRE,APE_PATERNO,APE_MATERNO,DIRECCION,MAIL,COD_COMUNA,COD_TIPO) VALUES ('24292636-6','Kevyn','Melendez','Boone','795-9569 Class Avda.','neque@laoreetipsumCurabitur.com',13130,1);
INSERT INTO CLIENTE (RUT_CLIENTE,NOMBRE,APE_PATERNO,APE_MATERNO,DIRECCION,MAIL,COD_COMUNA,COD_TIPO) VALUES ('7542310-1','Thane','Obrien','Greene','Apdo.:157-8071 Scelerisque, Calle','a.neque.Nullam@convallis.org',13131,1);
INSERT INTO CLIENTE (RUT_CLIENTE,NOMBRE,APE_PATERNO,APE_MATERNO,DIRECCION,MAIL,COD_COMUNA,COD_TIPO) VALUES ('13144005-7','Burton','Hobbs','Macias','Apdo.:855-1598 Lorem Avda.','sem.egestas@lobortismaurisSuspendisse.edu',13132,1);
INSERT INTO CLIENTE (RUT_CLIENTE,NOMBRE,APE_PATERNO,APE_MATERNO,DIRECCION,MAIL,COD_COMUNA,COD_TIPO) VALUES ('33327334-9','Penelope','Golden','Simmons','Apartado núm.: 492, 683 Ac Carretera','mi.enim.condimentum@dictummiac.org',13201,1);
INSERT INTO CLIENTE (RUT_CLIENTE,NOMBRE,APE_PATERNO,APE_MATERNO,DIRECCION,MAIL,COD_COMUNA,COD_TIPO) VALUES ('24886037-5','Bertha','Moore','Tyson','199-2218 Eu Avenida','consectetuer.euismod.est@semper.co.uk',13202,1);
INSERT INTO CLIENTE (RUT_CLIENTE,NOMBRE,APE_PATERNO,APE_MATERNO,DIRECCION,MAIL,COD_COMUNA,COD_TIPO) VALUES ('7578192-K','Jared','Dillon','Gilliam','Apartado núm.: 139, 8997 Diam ','Maecenas.libero@velvenenatis.net',13203,1);
INSERT INTO CLIENTE (RUT_CLIENTE,NOMBRE,APE_PATERNO,APE_MATERNO,DIRECCION,MAIL,COD_COMUNA,COD_TIPO) VALUES ('22536705-1','Jerome','Tran','Cole','230-9971 Dis C.','sodales.nisi@sempertellusid.com',13301,1);
INSERT INTO CLIENTE (RUT_CLIENTE,NOMBRE,APE_PATERNO,APE_MATERNO,DIRECCION,MAIL,COD_COMUNA,COD_TIPO) VALUES ('50911247-9','Lacy','Conner','Gilmore','Apdo.:741-3511 Mauris Avda.','amet.orci.Ut@utodiovel.co.uk',13302,1);
INSERT INTO CLIENTE (RUT_CLIENTE,NOMBRE,APE_PATERNO,APE_MATERNO,DIRECCION,MAIL,COD_COMUNA,COD_TIPO) VALUES ('8502057-9','Tanya','Sanders','Schneider','4977 A, C.','tortor.dictum.eu@enimEtiamimperdiet.com',13303,1);
INSERT INTO CLIENTE (RUT_CLIENTE,NOMBRE,APE_PATERNO,APE_MATERNO,DIRECCION,MAIL,COD_COMUNA,COD_TIPO) VALUES ('5616872-9','Amber','Winters','Harper','8928 Vel Av.','tellus.sem.mollis@incursus.com',13401,1);
INSERT INTO CLIENTE (RUT_CLIENTE,NOMBRE,APE_PATERNO,APE_MATERNO,DIRECCION,MAIL,COD_COMUNA,COD_TIPO) VALUES ('37528704-8','Xantha','Hobbs','Frye','5059 Feugiat C/','est.congue@ametdapibus.co.uk',13402,1);
INSERT INTO CLIENTE (RUT_CLIENTE,NOMBRE,APE_PATERNO,APE_MATERNO,DIRECCION,MAIL,COD_COMUNA,COD_TIPO) VALUES ('36053066-3','Jack','Beck','Chandler','6872 Lobortis Ctra.','semper.dui.lectus@dictumeueleifend.edu',13403,1);
INSERT INTO CLIENTE (RUT_CLIENTE,NOMBRE,APE_PATERNO,APE_MATERNO,DIRECCION,MAIL,COD_COMUNA,COD_TIPO) VALUES ('50422818-5','Maia','Daniel','Kim','234-6024 Sed Av.','feugiat.Sed@etlibero.org',13404,1);
INSERT INTO CLIENTE (RUT_CLIENTE,NOMBRE,APE_PATERNO,APE_MATERNO,DIRECCION,MAIL,COD_COMUNA,COD_TIPO) VALUES ('49290794-4','Jael','Ramirez','Hall','7105 Arcu ','tristique.pellentesque.tellus@leoVivamusnibh.com',13501,1);
INSERT INTO CLIENTE (RUT_CLIENTE,NOMBRE,APE_PATERNO,APE_MATERNO,DIRECCION,MAIL,COD_COMUNA,COD_TIPO) VALUES ('37568790-9','May','Mcpherson','Shepard','Apdo.:327-3843 Eu Ctra.','non@lacus.co.uk',13502,1);
INSERT INTO CLIENTE (RUT_CLIENTE,NOMBRE,APE_PATERNO,APE_MATERNO,DIRECCION,MAIL,COD_COMUNA,COD_TIPO) VALUES ('50087264-0','Beverly','Mcpherson','Sampson','334-4433 Blandit Avenida','vitae.orci.Phasellus@euaugueporttitor.edu',13503,1);
INSERT INTO CLIENTE (RUT_CLIENTE,NOMBRE,APE_PATERNO,APE_MATERNO,DIRECCION,MAIL,COD_COMUNA,COD_TIPO) VALUES ('7466665-5','Sopoline','Baker','Snyder','241 Nunc Avenida','neque@velarcueu.edu',13504,1);
INSERT INTO CLIENTE (RUT_CLIENTE,NOMBRE,APE_PATERNO,APE_MATERNO,DIRECCION,MAIL,COD_COMUNA,COD_TIPO) VALUES ('37121422-4','Wylie','Vaughn','Wolf','882 Sagittis ','ut@semper.net',13505,1);
INSERT INTO CLIENTE (RUT_CLIENTE,NOMBRE,APE_PATERNO,APE_MATERNO,DIRECCION,MAIL,COD_COMUNA,COD_TIPO) VALUES ('17797935-K','Quin','Gonzalez','Ramos','293-1083 Mollis. Calle','nunc.sed.libero@felisullamcorperviverra.com',13601,1);
INSERT INTO CLIENTE (RUT_CLIENTE,NOMBRE,APE_PATERNO,APE_MATERNO,DIRECCION,MAIL,COD_COMUNA,COD_TIPO) VALUES ('7017823-0','Barrett','Buckner','Good','197-7498 Massa ','et.libero@enimconsequat.org',13602,1);
INSERT INTO CLIENTE (RUT_CLIENTE,NOMBRE,APE_PATERNO,APE_MATERNO,DIRECCION,MAIL,COD_COMUNA,COD_TIPO) VALUES ('22515879-7','Yolanda','Holland','Wood','Apdo.:303-6384 Eget Ctra.','sit@ligula.net',13603,1);
INSERT INTO CLIENTE (RUT_CLIENTE,NOMBRE,APE_PATERNO,APE_MATERNO,DIRECCION,MAIL,COD_COMUNA,COD_TIPO) VALUES ('38474807-4','Hedley','Howell','Meadows','808-7050 Ac C.','quam.Curabitur.vel@malesuada.org',13604,1);
INSERT INTO CLIENTE (RUT_CLIENTE,NOMBRE,APE_PATERNO,APE_MATERNO,DIRECCION,MAIL,COD_COMUNA,COD_TIPO) VALUES ('40020764-K','Ingrid','Harris','Fischer','9012 Phasellus Carretera','eu@Pellentesque.com',13605,1);
INSERT INTO CLIENTE (RUT_CLIENTE,NOMBRE,APE_PATERNO,APE_MATERNO,DIRECCION,MAIL,COD_COMUNA,COD_TIPO) VALUES ('24422384-2','Clementine','Pollard','Stanton','Apartado núm.: 474, 2340 Sit Avda.','mauris@fringilla.co.uk',5101,1);
INSERT INTO CLIENTE (RUT_CLIENTE,NOMBRE,APE_PATERNO,APE_MATERNO,DIRECCION,MAIL,COD_COMUNA,COD_TIPO) VALUES ('18071247-K','Tashya','Dunn','Butler','849-6620 Massa. Av.','vitae.erat.Vivamus@quis.edu',5102,1);
INSERT INTO CLIENTE (RUT_CLIENTE,NOMBRE,APE_PATERNO,APE_MATERNO,DIRECCION,MAIL,COD_COMUNA,COD_TIPO) VALUES ('21894994-0','Sybill','Moore','Kirby','899-9882 Pulvinar C.','nibh.enim.gravida@diamat.org',5103,1);
INSERT INTO CLIENTE (RUT_CLIENTE,NOMBRE,APE_PATERNO,APE_MATERNO,DIRECCION,MAIL,COD_COMUNA,COD_TIPO) VALUES ('37271639-8','Sonia','Sherman','Prince','Apartado núm.: 638, 363 Suspendisse Calle','et.magnis.dis@Namnulla.edu',5101,1);
INSERT INTO CLIENTE (RUT_CLIENTE,NOMBRE,APE_PATERNO,APE_MATERNO,DIRECCION,MAIL,COD_COMUNA,COD_TIPO) VALUES ('7420605-0','Kato','Barrera','Montgomery','9682 Ultrices C/','quam@tellus.net',5102,1);
INSERT INTO CLIENTE (RUT_CLIENTE,NOMBRE,APE_PATERNO,APE_MATERNO,DIRECCION,MAIL,COD_COMUNA,COD_TIPO) VALUES ('50296556-5','Ryder','Fry','Hamilton','Apartado núm.: 131, 8348 Dolor. ','Sed.eu@fringillaDonec.co.uk',5103,1);
INSERT INTO CLIENTE (RUT_CLIENTE,NOMBRE,APE_PATERNO,APE_MATERNO,DIRECCION,MAIL,COD_COMUNA,COD_TIPO) VALUES ('10911874-5','Felicia','Heath','Stokes','473-7480 Ligula ','consequat.purus@commodoat.co.uk',5101,1);
INSERT INTO CLIENTE (RUT_CLIENTE,NOMBRE,APE_PATERNO,APE_MATERNO,DIRECCION,MAIL,COD_COMUNA,COD_TIPO) VALUES ('8654352-4','Darius','Hays','Ellison','Apdo.:192-1236 Ipsum Av.','est.Mauris.eu@amagnaLorem.com',5102,1);
INSERT INTO CLIENTE (RUT_CLIENTE,NOMBRE,APE_PATERNO,APE_MATERNO,DIRECCION,MAIL,COD_COMUNA,COD_TIPO) VALUES ('15704739-6','Quinn','Padilla','Patterson','Apartado núm.: 635, 4245 Id, Carretera','aliquet.nec@Crasvulputatevelit.com',5103,1);
INSERT INTO CLIENTE (RUT_CLIENTE,NOMBRE,APE_PATERNO,APE_MATERNO,DIRECCION,MAIL,COD_COMUNA,COD_TIPO) VALUES ('31198840-9','Sawyer','Albert','Trujillo','Apdo.:784-6361 Eu Carretera','sit.amet@etipsumcursus.ca',5101,1);
INSERT INTO CLIENTE (RUT_CLIENTE,NOMBRE,APE_PATERNO,APE_MATERNO,DIRECCION,MAIL,COD_COMUNA,COD_TIPO) VALUES ('6008950-7','Jackson','Douglas','Moody','348-5648 Integer Av.','enim.mi@molestie.org',5102,1);
INSERT INTO CLIENTE (RUT_CLIENTE,NOMBRE,APE_PATERNO,APE_MATERNO,DIRECCION,MAIL,COD_COMUNA,COD_TIPO) VALUES ('50533558-9','Cleo','Jefferson','Bailey','Apartado núm.: 239, 4511 Sem Ctra.','in@Proin.edu',5103,1);
INSERT INTO CLIENTE (RUT_CLIENTE,NOMBRE,APE_PATERNO,APE_MATERNO,DIRECCION,MAIL,COD_COMUNA,COD_TIPO) VALUES ('32714795-1','Callie','Diaz','Davidson','Apdo.:359-3671 Quis Carretera','convallis@purusDuiselementum.edu',5101,1);
INSERT INTO CLIENTE (RUT_CLIENTE,NOMBRE,APE_PATERNO,APE_MATERNO,DIRECCION,MAIL,COD_COMUNA,COD_TIPO) VALUES ('11527030-3','Imelda','Munoz','Collier','Apartado núm.: 927, 4501 Non, Av.','posuere.vulputate.lacus@urnaVivamus.edu',5102,1);
INSERT INTO CLIENTE (RUT_CLIENTE,NOMBRE,APE_PATERNO,APE_MATERNO,DIRECCION,MAIL,COD_COMUNA,COD_TIPO) VALUES ('19595542-5','Astra','Mckee','Singleton','Apdo.:202-5843 Amet, Ctra.','erat@rhoncusid.com',5103,1);
INSERT INTO CLIENTE (RUT_CLIENTE,NOMBRE,APE_PATERNO,APE_MATERNO,DIRECCION,MAIL,COD_COMUNA,COD_TIPO) VALUES ('5530699-0','Camden','Chapman','Jones','Apartado núm.: 984, 820 Commodo Av.','rhoncus@ligulaDonec.co.uk',5101,1);
INSERT INTO CLIENTE (RUT_CLIENTE,NOMBRE,APE_PATERNO,APE_MATERNO,DIRECCION,MAIL,COD_COMUNA,COD_TIPO) VALUES ('33033963-2','Stephen','Buckner','Holland','Apartado núm.: 228, 6435 A Carretera','neque.sed.sem@Pellentesqueutipsum.org',5102,1);
INSERT INTO CLIENTE (RUT_CLIENTE,NOMBRE,APE_PATERNO,APE_MATERNO,DIRECCION,MAIL,COD_COMUNA,COD_TIPO) VALUES ('44055283-8','Tanner','Keller','Singleton','Apdo.:436-6912 Eu Calle','orci@sitamet.com',5103,1);
INSERT INTO CLIENTE (RUT_CLIENTE,NOMBRE,APE_PATERNO,APE_MATERNO,DIRECCION,MAIL,COD_COMUNA,COD_TIPO) VALUES ('34338664-8','Macon','Ellis','Ruiz','7557 Nunc Ctra.','Nullam@lectusNullamsuscipit.net',5101,1);
INSERT INTO CLIENTE (RUT_CLIENTE,NOMBRE,APE_PATERNO,APE_MATERNO,DIRECCION,MAIL,COD_COMUNA,COD_TIPO) VALUES ('22314270-2','Wayne','Merrill','Fox','407-3111 A Carretera','Morbi.quis.urna@sem.org',5102,1);
INSERT INTO CLIENTE (RUT_CLIENTE,NOMBRE,APE_PATERNO,APE_MATERNO,DIRECCION,MAIL,COD_COMUNA,COD_TIPO) VALUES ('30998156-1','Nolan','Fleming','Mccarthy','Apdo.:877-4786 Adipiscing ','Nullam.vitae@Aliquameratvolutpat.ca',5103,1);
INSERT INTO CLIENTE (RUT_CLIENTE,NOMBRE,APE_PATERNO,APE_MATERNO,DIRECCION,MAIL,COD_COMUNA,COD_TIPO) VALUES ('24926633-7','Laith','Wheeler','Shelton','Apdo.:890-6804 Eu, Avenida','inceptos.hymenaeos.Mauris@molestietellusAenean.edu',10101,1);
INSERT INTO CLIENTE (RUT_CLIENTE,NOMBRE,APE_PATERNO,APE_MATERNO,DIRECCION,MAIL,COD_COMUNA,COD_TIPO) VALUES ('50292502-4','Charity','Sawyer','Farmer','3379 Class Avenida','sagittis.Duis@justoPraesentluctus.co.uk',10101,1);
INSERT INTO CLIENTE (RUT_CLIENTE,NOMBRE,APE_PATERNO,APE_MATERNO,DIRECCION,MAIL,COD_COMUNA,COD_TIPO) VALUES ('43891805-1','Chandler','Palmer','Sims','5693 Est, ','malesuada.Integer@libero.com',10101,1);
INSERT INTO CLIENTE (RUT_CLIENTE,NOMBRE,APE_PATERNO,APE_MATERNO,DIRECCION,MAIL,COD_COMUNA,COD_TIPO) VALUES ('27510539-2','Sylvia','Peters','Head','Apartado núm.: 964, 5094 Ipsum Av.','fringilla@hendrerit.co.uk',10101,1);
INSERT INTO CLIENTE (RUT_CLIENTE,NOMBRE,APE_PATERNO,APE_MATERNO,DIRECCION,MAIL,COD_COMUNA,COD_TIPO) VALUES ('30852146-K','Sybil','Ford','Mays','8221 Ut, Ctra.','lacus.Nulla@Maurisquisturpis.org',10101,1);
INSERT INTO CLIENTE (RUT_CLIENTE,NOMBRE,APE_PATERNO,APE_MATERNO,DIRECCION,MAIL,COD_COMUNA,COD_TIPO) VALUES ('8925941-K','Lucian','Greene','Blake','Apartado núm.: 423, 1368 Mollis Avenida','Quisque@etmagnaPraesent.edu',10101,1);
INSERT INTO CLIENTE (RUT_CLIENTE,NOMBRE,APE_PATERNO,APE_MATERNO,DIRECCION,MAIL,COD_COMUNA,COD_TIPO) VALUES ('39542530-7','Rae','Ortega','Vinson','Apartado núm.: 759, 8189 Egestas. Carretera','magna.a@nonummy.com',10101,2);
INSERT INTO CLIENTE (RUT_CLIENTE,NOMBRE,APE_PATERNO,APE_MATERNO,DIRECCION,MAIL,COD_COMUNA,COD_TIPO) VALUES ('43832163-2','Myra','Sutton','Rowe','393-9074 Rhoncus. Ctra.','auctor.velit@justofaucibuslectus.org',10101,2);
INSERT INTO CLIENTE (RUT_CLIENTE,NOMBRE,APE_PATERNO,APE_MATERNO,DIRECCION,MAIL,COD_COMUNA,COD_TIPO) VALUES ('38138195-1','Simon','Chambers','Collier','Apdo.:890-9261 Semper Ctra.','in.magna.Phasellus@tellus.edu',10101,2);
INSERT INTO CLIENTE (RUT_CLIENTE,NOMBRE,APE_PATERNO,APE_MATERNO,DIRECCION,MAIL,COD_COMUNA,COD_TIPO) VALUES ('40367373-0','Paloma','Floyd','Rowe','294-1666 Sagittis. Avda.','dis@egetipsum.ca',10101,2);
INSERT INTO CLIENTE (RUT_CLIENTE,NOMBRE,APE_PATERNO,APE_MATERNO,DIRECCION,MAIL,COD_COMUNA,COD_TIPO) VALUES ('7591734-1','Britanney','Duran','Mathews','667-4647 Risus Avda.','Pellentesque.ut@lacus.org',10101,2);
INSERT INTO CLIENTE (RUT_CLIENTE,NOMBRE,APE_PATERNO,APE_MATERNO,DIRECCION,MAIL,COD_COMUNA,COD_TIPO) VALUES ('41475071-0','Kane','Aguilar','Joseph','411-252 Sed C.','Nulla.facilisi.Sed@eratsemper.com',10101,2);
INSERT INTO CLIENTE (RUT_CLIENTE,NOMBRE,APE_PATERNO,APE_MATERNO,DIRECCION,MAIL,COD_COMUNA,COD_TIPO) VALUES ('37391148-8','Rama','Henry','Johnson','655-5076 Enim ','quis@enimnon.ca',10101,2);
INSERT INTO CLIENTE (RUT_CLIENTE,NOMBRE,APE_PATERNO,APE_MATERNO,DIRECCION,MAIL,COD_COMUNA,COD_TIPO) VALUES ('6577126-8','Baker','Estrada','Mooney','Apartado núm.: 922, 9261 Massa Carretera','arcu.eu.odio@ipsumnonarcu.org',10101,2);
INSERT INTO CLIENTE (RUT_CLIENTE,NOMBRE,APE_PATERNO,APE_MATERNO,DIRECCION,MAIL,COD_COMUNA,COD_TIPO) VALUES ('44211878-7','Ignatius','Owen','Hopper','7732 Eget Av.','laoreet.libero@elementumat.org',10101,2);
INSERT INTO CLIENTE (RUT_CLIENTE,NOMBRE,APE_PATERNO,APE_MATERNO,DIRECCION,MAIL,COD_COMUNA,COD_TIPO) VALUES ('8545759-4','Camden','Waller','Compton','Apartado núm.: 532, 6083 Ipsum ','Ut.semper.pretium@varius.co.uk',10101,2);
INSERT INTO CLIENTE (RUT_CLIENTE,NOMBRE,APE_PATERNO,APE_MATERNO,DIRECCION,MAIL,COD_COMUNA,COD_TIPO) VALUES ('12009690-7','Colleen','Contreras','Carpenter','5865 Proin Carretera','sapien.Cras.dolor@euodio.edu',10101,2);
INSERT INTO CLIENTE (RUT_CLIENTE,NOMBRE,APE_PATERNO,APE_MATERNO,DIRECCION,MAIL,COD_COMUNA,COD_TIPO) VALUES ('24484253-4','Thor','Mendez','Daugherty','Apdo.:749-6614 Mattis ','velit@nec.edu',10101,2);
INSERT INTO CLIENTE (RUT_CLIENTE,NOMBRE,APE_PATERNO,APE_MATERNO,DIRECCION,MAIL,COD_COMUNA,COD_TIPO) VALUES ('39048814-9','Joshua','Anderson','Rowland','Apdo.:291-8454 Massa. Carretera','nisi.Cum@tellusAeneanegestas.net',14101,2);
INSERT INTO CLIENTE (RUT_CLIENTE,NOMBRE,APE_PATERNO,APE_MATERNO,DIRECCION,MAIL,COD_COMUNA,COD_TIPO) VALUES ('23367090-1','Griffin','Bridges','Rivera','186-7549 At, ','dictum@mollisIntegertincidunt.edu',14101,2);
INSERT INTO CLIENTE (RUT_CLIENTE,NOMBRE,APE_PATERNO,APE_MATERNO,DIRECCION,MAIL,COD_COMUNA,COD_TIPO) VALUES ('21296131-0','Colton','Strickland','Collins','7764 Mauris Av.','eleifend.nunc@orciUt.org',14101,2);
INSERT INTO CLIENTE (RUT_CLIENTE,NOMBRE,APE_PATERNO,APE_MATERNO,DIRECCION,MAIL,COD_COMUNA,COD_TIPO) VALUES ('7047497-2','Kay','Neal','Avila','703-1866 Pede ','non.arcu.Vivamus@tempus.net',14101,2);
INSERT INTO CLIENTE (RUT_CLIENTE,NOMBRE,APE_PATERNO,APE_MATERNO,DIRECCION,MAIL,COD_COMUNA,COD_TIPO) VALUES ('31939257-2','Emma','Whitfield','Foley','Apartado núm.: 696, 9241 Libero C/','tincidunt.congue.turpis@atvelitPellentesque.net',14101,2);
INSERT INTO CLIENTE (RUT_CLIENTE,NOMBRE,APE_PATERNO,APE_MATERNO,DIRECCION,MAIL,COD_COMUNA,COD_TIPO) VALUES ('36042544-4','Rylee','Molina','Randolph','462-1067 Molestie C/','aliquet.Phasellus.fermentum@ametante.co.uk',14101,2);
INSERT INTO CLIENTE (RUT_CLIENTE,NOMBRE,APE_PATERNO,APE_MATERNO,DIRECCION,MAIL,COD_COMUNA,COD_TIPO) VALUES ('28363734-4','Isabella','Combs','Mejia','Apdo.:989-6366 Mauris Avenida','Vestibulum@nonummyac.co.uk',14101,2);
INSERT INTO CLIENTE (RUT_CLIENTE,NOMBRE,APE_PATERNO,APE_MATERNO,DIRECCION,MAIL,COD_COMUNA,COD_TIPO) VALUES ('27604708-6','Meredith','Gomez','Knowles','Apartado núm.: 409, 3583 Tellus. ','at.pede@facilisis.edu',14101,2);
INSERT INTO CLIENTE (RUT_CLIENTE,NOMBRE,APE_PATERNO,APE_MATERNO,DIRECCION,MAIL,COD_COMUNA,COD_TIPO) VALUES ('18318910-7','Colton','Buck','Carpenter','Apartado núm.: 233, 4537 Quisque Calle','Aenean@diam.co.uk',14101,2);
INSERT INTO CLIENTE (RUT_CLIENTE,NOMBRE,APE_PATERNO,APE_MATERNO,DIRECCION,MAIL,COD_COMUNA,COD_TIPO) VALUES ('36429205-8','Chloe','Adams','Spears','Apdo.:888-9850 Cursus. ','lacus@orciquis.org',14101,2);
INSERT INTO CLIENTE (RUT_CLIENTE,NOMBRE,APE_PATERNO,APE_MATERNO,DIRECCION,MAIL,COD_COMUNA,COD_TIPO) VALUES ('21600269-5','Gareth','Brooks','Olson','Apartado núm.: 285, 8309 Egestas ','Integer.id.magna@metusInnec.com',14101,2);
INSERT INTO CLIENTE (RUT_CLIENTE,NOMBRE,APE_PATERNO,APE_MATERNO,DIRECCION,MAIL,COD_COMUNA,COD_TIPO) VALUES ('42533031-4','Harlan','Heath','Hodges','801-5203 Eget, Av.','Mauris@Donecegestas.edu',14101,2);
INSERT INTO CLIENTE (RUT_CLIENTE,NOMBRE,APE_PATERNO,APE_MATERNO,DIRECCION,MAIL,COD_COMUNA,COD_TIPO) VALUES ('50296025-3','Macy','Walker','Logan','Apdo.:680-7713 Enim. Calle','auctor.quis@luctus.org',14101,2);
INSERT INTO CLIENTE (RUT_CLIENTE,NOMBRE,APE_PATERNO,APE_MATERNO,DIRECCION,MAIL,COD_COMUNA,COD_TIPO) VALUES ('26032357-1','Fletcher','Holcomb','Rivers','Apdo.:253-379 Ante. Av.','In@iaculisnec.com',14101,2);
INSERT INTO CLIENTE (RUT_CLIENTE,NOMBRE,APE_PATERNO,APE_MATERNO,DIRECCION,MAIL,COD_COMUNA,COD_TIPO) VALUES ('38781386-1','Libby','Pittman','Wolfe','3579 Sit C/','augue.eu@aauctornon.co.uk',14101,2);
INSERT INTO CLIENTE (RUT_CLIENTE,NOMBRE,APE_PATERNO,APE_MATERNO,DIRECCION,MAIL,COD_COMUNA,COD_TIPO) VALUES ('29999392-2','Amity','Rocha','Simpson','Apdo.:648-627 Rhoncus. C.','a@sagittisplacerat.ca',14101,2);
INSERT INTO CLIENTE (RUT_CLIENTE,NOMBRE,APE_PATERNO,APE_MATERNO,DIRECCION,MAIL,COD_COMUNA,COD_TIPO) VALUES ('11744542-9','Noah','Richardson','Kane','891-3789 Dolor. Avda.','cursus.et.eros@ut.org',14101,2);
INSERT INTO CLIENTE (RUT_CLIENTE,NOMBRE,APE_PATERNO,APE_MATERNO,DIRECCION,MAIL,COD_COMUNA,COD_TIPO) VALUES ('5215180-5','Neil','Lancaster','Noble','796-5831 Morbi Ctra.','Proin@cursus.ca',14101,2);


--CONTRATO
INSERT INTO CONTRATO VALUES (44713457,'21/08/2015',1,1000,'37033201-0',55000);
INSERT INTO CONTRATO VALUES (40417843,'24/04/2015',1,1000,'30491563-3',40000);
INSERT INTO CONTRATO  VALUES (34141559,'28/09/2015',1,1000,'22239536-4',35000);
INSERT INTO CONTRATO  VALUES (49143994,'18/02/2015',1,1000,'13302004-7',30000);
INSERT INTO CONTRATO  VALUES (35996877,'10/09/2015',1,1000,'15467034-3',50000);
INSERT INTO CONTRATO  VALUES (13679601,'21/10/2016',1,1000,'7812843-7',45000);
INSERT INTO CONTRATO  VALUES (38566171,'13/08/2016',1,1000,'28316875-1',40000);
INSERT INTO CONTRATO  VALUES (23938258,'22/05/2015',1,1000,'33319870-3',55000);
INSERT INTO CONTRATO  VALUES (21678404,'24/10/2016',1,1000,'26769415-K',40000);
INSERT INTO CONTRATO  VALUES (48403551,'08/01/2015',1,1010,'36523709-3',35000);
INSERT INTO CONTRATO  VALUES (17850921,'09/09/2015',1,1010,'35233781-1',30000);
INSERT INTO CONTRATO  VALUES (10750956,'21/01/2016',2,1010,'45540739-7',50000);
INSERT INTO CONTRATO  VALUES (37932168,'03/03/2015',2,1010,'10698858-7',45000);
INSERT INTO CONTRATO  VALUES (11871836,'24/08/2016',2,1010,'20964448-7',40000);
INSERT INTO CONTRATO  VALUES (25011866,'25/01/2016',2,1010,'41469461-6',55000);
INSERT INTO CONTRATO  VALUES (14397974,'25/06/2015',4,1010,'6501935-3',40000);
INSERT INTO CONTRATO  VALUES (47757837,'25/02/2015',4,1010,'21763366-4',35000);
INSERT INTO CONTRATO  VALUES (10483745,'06/02/2015',4,1010,'37163157-7',30000);
INSERT INTO CONTRATO  VALUES (45776112,'27/03/2016',5,1290,'41193905-7',50000);
INSERT INTO CONTRATO  VALUES (46284675,'31/08/2016',5,1290,'28777117-7',45000);
INSERT INTO CONTRATO  VALUES (21517602,'30/09/2016',5,1290,'24292636-6',40000);
INSERT INTO CONTRATO  VALUES (46769265,'13/09/2016',5,1290,'7542310-1',55000);
INSERT INTO CONTRATO  VALUES (38107598,'06/09/2016',5,1290,'13144005-7',40000);
INSERT INTO CONTRATO  VALUES (18217926,'19/02/2016',5,1290,'33327334-9',35000);
INSERT INTO CONTRATO  VALUES (46629987,'11/04/2015',6,1290,'24886037-5',30000);
INSERT INTO CONTRATO  VALUES (35160439,'04/01/2015',6,1290,'7578192-K',50000);
INSERT INTO CONTRATO  VALUES (10185419,'27/08/2015',6,1290,'22536705-1',45000);
INSERT INTO CONTRATO  VALUES (22529324,'18/03/2015',7,1290,'50911247-9',40000);
INSERT INTO CONTRATO  VALUES (40783330,'06/04/2015',7,1290,'8502057-9',55000);
INSERT INTO CONTRATO  VALUES (40898650,'31/03/2015',7,1290,'5616872-9',40000);
INSERT INTO CONTRATO  VALUES (10998721,'02/10/2015',7,1290,'37528704-8',35000);
INSERT INTO CONTRATO  VALUES (7061062,'19/11/2016',7,1290,'36053066-3',30000);
INSERT INTO CONTRATO  VALUES (13888261,'20/01/2016',8,1290,'50422818-5',50000);
INSERT INTO CONTRATO  VALUES (38866129,'24/05/2015',8,1290,'49290794-4',45000);
INSERT INTO CONTRATO  VALUES (9204674,'25/08/2015',8,1290,'37568790-9',40000);
INSERT INTO CONTRATO  VALUES (9500739,'04/08/2016',8,1290,'50087264-0',55000);
INSERT INTO CONTRATO  VALUES (42007452,'10/07/2016',8,1290,'7466665-5',40000);
INSERT INTO CONTRATO  VALUES (24122031,'19/04/2015',9,1290,'37121422-4',35000);
INSERT INTO CONTRATO  VALUES (26341131,'25/09/2016',9,1290,'17797935-K',30000);
INSERT INTO CONTRATO  VALUES (46023643,'16/09/2016',9,1290,'7017823-0',50000);
INSERT INTO CONTRATO  VALUES (23406088,'01/09/2016',9,1290,'22515879-7',45000);
INSERT INTO CONTRATO  VALUES (26661701,'03/02/2015',9,1290,'38474807-4',40000);
INSERT INTO CONTRATO  VALUES (47731980,'02/02/2015',9,1290,'40020764-K',55000);
INSERT INTO CONTRATO  VALUES (36684202,'07/03/2015',9,1290,'24422384-2',40000);
INSERT INTO CONTRATO  VALUES (39762119,'06/02/2015',10,1290,'18071247-K',35000);
INSERT INTO CONTRATO  VALUES (41683886,'14/05/2015',10,1290,'21894994-0',30000);
INSERT INTO CONTRATO  VALUES (37876911,'20/01/2016',10,1290,'37271639-8',50000);
INSERT INTO CONTRATO  VALUES (29620182,'15/08/2015',10,1290,'7420605-0',45000);
INSERT INTO CONTRATO  VALUES (44427055,'25/03/2015',10,1290,'50296556-5',40000);
INSERT INTO CONTRATO  VALUES (7891034,'19/02/2015',10,1030,'10911874-5',55000);
INSERT INTO CONTRATO  VALUES (39623515,'06/02/2016',10,1030,'8654352-4',40000);
INSERT INTO CONTRATO  VALUES (48412876,'13/01/2016',10,1030,'15704739-6',35000);
INSERT INTO CONTRATO  VALUES (13025220,'26/05/2016',10,1030,'31198840-9',30000);
INSERT INTO CONTRATO  VALUES (37875707,'25/05/2016',10,1030,'6008950-7',50000);
INSERT INTO CONTRATO  VALUES (7757083,'05/08/2016',10,1030,'50533558-9',45000);
INSERT INTO CONTRATO  VALUES (12300744,'26/12/2016',10,1030,'32714795-1',40000);
INSERT INTO CONTRATO  VALUES (41903506,'02/02/2016',10,1030,'11527030-3',55000);
INSERT INTO CONTRATO  VALUES (42835908,'16/05/2016',10,1030,'19595542-5',40000);
INSERT INTO CONTRATO  VALUES (30066106,'02/11/2016',10,1040,'5530699-0',35000);
INSERT INTO CONTRATO  VALUES (46899242,'21/12/2016',10,1040,'33033963-2',30000);
INSERT INTO CONTRATO  VALUES (28040398,'28/04/2016',10,1040,'44055283-8',50000);
INSERT INTO CONTRATO  VALUES (26468588,'31/07/2016',10,1040,'34338664-8',45000);
INSERT INTO CONTRATO  VALUES (27597558,'11/08/2016',2,1040,'22314270-2',40000);
INSERT INTO CONTRATO  VALUES (50387272,'10/06/2015',2,1040,'30998156-1',55000);
INSERT INTO CONTRATO  VALUES (21997800,'09/04/2016',2,1040,'24926633-7',40000);
INSERT INTO CONTRATO  VALUES (28652077,'18/10/2016',2,1040,'50292502-4',35000);
INSERT INTO CONTRATO  VALUES (6314521,'02/05/2016',4,1040,'43891805-1',30000);
INSERT INTO CONTRATO  VALUES (22251538,'01/10/2016',4,1040,'27510539-2',50000);
INSERT INTO CONTRATO  VALUES (32376519,'01/02/2016',4,1040,'30852146-K',45000);
INSERT INTO CONTRATO  VALUES (40508592,'24/01/2015',5,1040,'8925941-K',40000);
INSERT INTO CONTRATO  VALUES (28878705,'24/03/2016',5,1050,'39542530-7',55000);
INSERT INTO CONTRATO  VALUES (5035629,'05/05/2016',5,1050,'43832163-2',40000);
INSERT INTO CONTRATO  VALUES (28241950,'07/06/2015',5,1050,'38138195-1',35000);
INSERT INTO CONTRATO  VALUES (15027503,'22/11/2016',5,1050,'40367373-0',30000);
INSERT INTO CONTRATO  VALUES (48812292,'12/03/2016',5,1060,'7591734-1',50000);
INSERT INTO CONTRATO  VALUES (36608158,'25/01/2015',6,1060,'41475071-0',45000);
INSERT INTO CONTRATO  VALUES (23494663,'26/02/2015',6,1070,'37391148-8',40000);
INSERT INTO CONTRATO  VALUES (30977950,'28/10/2015',6,1070,'6577126-8',55000);
INSERT INTO CONTRATO  VALUES (43905091,'22/03/2015',7,1070,'44211878-7',40000);
INSERT INTO CONTRATO  VALUES (21136367,'18/02/2016',7,1080,'8545759-4',35000);
INSERT INTO CONTRATO  VALUES (33688508,'15/04/2015',7,1090,'12009690-7',30000);
INSERT INTO CONTRATO  VALUES (15123324,'13/01/2015',7,1100,'24484253-4',50000);
INSERT INTO CONTRATO  VALUES (18952360,'16/02/2015',7,1110,'39048814-9',45000);
INSERT INTO CONTRATO  VALUES (27888842,'26/10/2016',8,1120,'23367090-1',40000);
INSERT INTO CONTRATO  VALUES (14860926,'17/01/2016',8,1130,'21296131-0',55000);
INSERT INTO CONTRATO  VALUES (23769774,'18/08/2015',8,1140,'7047497-2',40000);
INSERT INTO CONTRATO  VALUES (23489695,'02/08/2016',8,1150,'31939257-2',35000);
INSERT INTO CONTRATO  VALUES (12987948,'26/05/2015',8,1160,'36042544-4',30000);
INSERT INTO CONTRATO  VALUES (35375394,'15/04/2015',9,1170,'28363734-4',50000);
INSERT INTO CONTRATO  VALUES (28414137,'23/03/2016',9,1180,'27604708-6',45000);
INSERT INTO CONTRATO  VALUES (24589946,'18/06/2015',9,1190,'18318910-7',40000);
INSERT INTO CONTRATO  VALUES (47659618,'26/11/2015',9,1110,'36429205-8',55000);
INSERT INTO CONTRATO  VALUES (45824834,'25/04/2016',9,1120,'21600269-5',40000);
INSERT INTO CONTRATO  VALUES (12282442,'05/03/2015',9,1130,'42533031-4',35000);
INSERT INTO CONTRATO  VALUES (24262807,'31/10/2016',9,1140,'50296025-3',30000);
INSERT INTO CONTRATO  VALUES (38853686,'23/06/2016',10,1150,'26032357-1',50000);
INSERT INTO CONTRATO  VALUES (41497298,'27/06/2015',10,1160,'38781386-1',45000);
INSERT INTO CONTRATO  VALUES (41124462,'15/07/2016',10,1170,'29999392-2',40000);
INSERT INTO CONTRATO  VALUES (45045695,'22/10/2015',10,1180,'11744542-9',55000);
INSERT INTO CONTRATO  VALUES (15954986,'31/03/2016',10,1150,'5215180-5',40000);

Insert into PORCENTAJE_ANOS (ID_ANO_CONTRATADO,ANNOS_INF,ANNOS_SUP,PORCENTAJE) values ('1','1','4','2');
Insert into PORCENTAJE_ANOS (ID_ANO_CONTRATADO,ANNOS_INF,ANNOS_SUP,PORCENTAJE) values ('2','5','9','4');
Insert into PORCENTAJE_ANOS (ID_ANO_CONTRATADO,ANNOS_INF,ANNOS_SUP,PORCENTAJE) values ('3','10','12','6');
Insert into PORCENTAJE_ANOS (ID_ANO_CONTRATADO,ANNOS_INF,ANNOS_SUP,PORCENTAJE) values ('4','13','25','8');

-- insercion de datos AFP
INSERT INTO AFP VALUES(1,'CAPITAL',10);
INSERT INTO AFP VALUES(2,'CUPRUM',12);
INSERT INTO AFP VALUES(3,'HABITAT',14);
INSERT INTO AFP VALUES(4,'MODELO',8);
INSERT INTO AFP VALUES(5,'PLANVITAL',15);
INSERT INTO AFP VALUES(6,'PROVIDA',13);

-- insercion de datos
INSERT INTO SALUD VALUES(1,'FONASA',7);
INSERT INTO SALUD VALUES(2,'BAN MEDICA',10);
INSERT INTO SALUD VALUES(3,'COLMENA',9);
INSERT INTO SALUD VALUES(4,'CONSALUD',12);
INSERT INTO SALUD VALUES(5,'CRUZ BLANCA',15);
INSERT INTO SALUD VALUES(6,'MASVIDA',9);
INSERT INTO SALUD VALUES(7,'VIDA TRES',11);

INSERT INTO asig_escolaridad VALUES(10,'BA','BÁSICA',1);
INSERT INTO asig_escolaridad VALUES(20,'MCH','MEDIA CIENTÍFICA HUMANISTA',2);
INSERT INTO asig_escolaridad VALUES(30,'MTP','MEDIA TÉCNICO PROFESIONAL',3);
INSERT INTO asig_escolaridad VALUES(40,'SCFT','SUPERIOR CENTRO DE FORMACIÓN TÉCNICA',4);
INSERT INTO asig_escolaridad VALUES(50,'SIP','SUPERIOR INSTITUTO PROFESIONAL',5);
INSERT INTO asig_escolaridad VALUES(60,'SUO','SUPERIOR UNIVERSIDAD',6);

--DET_CONTRATO
INSERT INTO DET_CONTRATO (NUM_CONTRATO,ID_PLAN) VALUES (44713457,1);
INSERT INTO DET_CONTRATO (NUM_CONTRATO,ID_PLAN) VALUES (40417843,2);
INSERT INTO DET_CONTRATO (NUM_CONTRATO,ID_PLAN) VALUES (34141559,3);
INSERT INTO DET_CONTRATO (NUM_CONTRATO,ID_PLAN) VALUES (49143994,4);
INSERT INTO DET_CONTRATO (NUM_CONTRATO,ID_PLAN) VALUES (35996877,5);
INSERT INTO DET_CONTRATO (NUM_CONTRATO,ID_PLAN) VALUES (13679601,6);
INSERT INTO DET_CONTRATO (NUM_CONTRATO,ID_PLAN) VALUES (38566171,2);
INSERT INTO DET_CONTRATO (NUM_CONTRATO,ID_PLAN) VALUES (23938258,1);
INSERT INTO DET_CONTRATO (NUM_CONTRATO,ID_PLAN) VALUES (21678404,2);
INSERT INTO DET_CONTRATO (NUM_CONTRATO,ID_PLAN) VALUES (48403551,3);
INSERT INTO DET_CONTRATO (NUM_CONTRATO,ID_PLAN) VALUES (17850921,4);
INSERT INTO DET_CONTRATO (NUM_CONTRATO,ID_PLAN) VALUES (10750956,5);
INSERT INTO DET_CONTRATO (NUM_CONTRATO,ID_PLAN) VALUES (37932168,6);
INSERT INTO DET_CONTRATO (NUM_CONTRATO,ID_PLAN) VALUES (11871836,2);
INSERT INTO DET_CONTRATO (NUM_CONTRATO,ID_PLAN) VALUES (25011866,1);
INSERT INTO DET_CONTRATO (NUM_CONTRATO,ID_PLAN) VALUES (14397974,2);
INSERT INTO DET_CONTRATO (NUM_CONTRATO,ID_PLAN) VALUES (47757837,3);
INSERT INTO DET_CONTRATO (NUM_CONTRATO,ID_PLAN) VALUES (10483745,4);
INSERT INTO DET_CONTRATO (NUM_CONTRATO,ID_PLAN) VALUES (45776112,5);
INSERT INTO DET_CONTRATO (NUM_CONTRATO,ID_PLAN) VALUES (46284675,6);
INSERT INTO DET_CONTRATO (NUM_CONTRATO,ID_PLAN) VALUES (21517602,2);
INSERT INTO DET_CONTRATO (NUM_CONTRATO,ID_PLAN) VALUES (46769265,1);
INSERT INTO DET_CONTRATO (NUM_CONTRATO,ID_PLAN) VALUES (38107598,2);
INSERT INTO DET_CONTRATO (NUM_CONTRATO,ID_PLAN) VALUES (18217926,3);
INSERT INTO DET_CONTRATO (NUM_CONTRATO,ID_PLAN) VALUES (46629987,4);
INSERT INTO DET_CONTRATO (NUM_CONTRATO,ID_PLAN) VALUES (35160439,5);
INSERT INTO DET_CONTRATO (NUM_CONTRATO,ID_PLAN) VALUES (10185419,6);
INSERT INTO DET_CONTRATO (NUM_CONTRATO,ID_PLAN) VALUES (22529324,2);
INSERT INTO DET_CONTRATO (NUM_CONTRATO,ID_PLAN) VALUES (40783330,1);
INSERT INTO DET_CONTRATO (NUM_CONTRATO,ID_PLAN) VALUES (40898650,2);
INSERT INTO DET_CONTRATO (NUM_CONTRATO,ID_PLAN) VALUES (10998721,3);
INSERT INTO DET_CONTRATO (NUM_CONTRATO,ID_PLAN) VALUES (7061062,4);
INSERT INTO DET_CONTRATO (NUM_CONTRATO,ID_PLAN) VALUES (13888261,5);
INSERT INTO DET_CONTRATO (NUM_CONTRATO,ID_PLAN) VALUES (38866129,6);
INSERT INTO DET_CONTRATO (NUM_CONTRATO,ID_PLAN) VALUES (9204674,2);
INSERT INTO DET_CONTRATO (NUM_CONTRATO,ID_PLAN) VALUES (9500739,1);
INSERT INTO DET_CONTRATO (NUM_CONTRATO,ID_PLAN) VALUES (42007452,2);
INSERT INTO DET_CONTRATO (NUM_CONTRATO,ID_PLAN) VALUES (24122031,3);
INSERT INTO DET_CONTRATO (NUM_CONTRATO,ID_PLAN) VALUES (26341131,4);
INSERT INTO DET_CONTRATO (NUM_CONTRATO,ID_PLAN) VALUES (46023643,5);
INSERT INTO DET_CONTRATO (NUM_CONTRATO,ID_PLAN) VALUES (23406088,6);
INSERT INTO DET_CONTRATO (NUM_CONTRATO,ID_PLAN) VALUES (26661701,2);
INSERT INTO DET_CONTRATO (NUM_CONTRATO,ID_PLAN) VALUES (47731980,1);
INSERT INTO DET_CONTRATO (NUM_CONTRATO,ID_PLAN) VALUES (36684202,2);
INSERT INTO DET_CONTRATO (NUM_CONTRATO,ID_PLAN) VALUES (39762119,3);
INSERT INTO DET_CONTRATO (NUM_CONTRATO,ID_PLAN) VALUES (41683886,4);
INSERT INTO DET_CONTRATO (NUM_CONTRATO,ID_PLAN) VALUES (37876911,5);
INSERT INTO DET_CONTRATO (NUM_CONTRATO,ID_PLAN) VALUES (29620182,6);
INSERT INTO DET_CONTRATO (NUM_CONTRATO,ID_PLAN) VALUES (44427055,2);
INSERT INTO DET_CONTRATO (NUM_CONTRATO,ID_PLAN) VALUES (7891034,1);
INSERT INTO DET_CONTRATO (NUM_CONTRATO,ID_PLAN) VALUES (39623515,2);
INSERT INTO DET_CONTRATO (NUM_CONTRATO,ID_PLAN) VALUES (48412876,3);
INSERT INTO DET_CONTRATO (NUM_CONTRATO,ID_PLAN) VALUES (13025220,4);
INSERT INTO DET_CONTRATO (NUM_CONTRATO,ID_PLAN) VALUES (37875707,5);
INSERT INTO DET_CONTRATO (NUM_CONTRATO,ID_PLAN) VALUES (7757083,6);
INSERT INTO DET_CONTRATO (NUM_CONTRATO,ID_PLAN) VALUES (12300744,2);
INSERT INTO DET_CONTRATO (NUM_CONTRATO,ID_PLAN) VALUES (41903506,1);
INSERT INTO DET_CONTRATO (NUM_CONTRATO,ID_PLAN) VALUES (42835908,2);
INSERT INTO DET_CONTRATO (NUM_CONTRATO,ID_PLAN) VALUES (30066106,3);
INSERT INTO DET_CONTRATO (NUM_CONTRATO,ID_PLAN) VALUES (46899242,4);
INSERT INTO DET_CONTRATO (NUM_CONTRATO,ID_PLAN) VALUES (28040398,5);
INSERT INTO DET_CONTRATO (NUM_CONTRATO,ID_PLAN) VALUES (26468588,6);
INSERT INTO DET_CONTRATO (NUM_CONTRATO,ID_PLAN) VALUES (27597558,2);
INSERT INTO DET_CONTRATO (NUM_CONTRATO,ID_PLAN) VALUES (50387272,1);
INSERT INTO DET_CONTRATO (NUM_CONTRATO,ID_PLAN) VALUES (21997800,2);
INSERT INTO DET_CONTRATO (NUM_CONTRATO,ID_PLAN) VALUES (28652077,3);
INSERT INTO DET_CONTRATO (NUM_CONTRATO,ID_PLAN) VALUES (6314521,4);
INSERT INTO DET_CONTRATO (NUM_CONTRATO,ID_PLAN) VALUES (22251538,5);
INSERT INTO DET_CONTRATO (NUM_CONTRATO,ID_PLAN) VALUES (32376519,6);
INSERT INTO DET_CONTRATO (NUM_CONTRATO,ID_PLAN) VALUES (40508592,2);
INSERT INTO DET_CONTRATO (NUM_CONTRATO,ID_PLAN) VALUES (28878705,1);
INSERT INTO DET_CONTRATO (NUM_CONTRATO,ID_PLAN) VALUES (5035629,2);
INSERT INTO DET_CONTRATO (NUM_CONTRATO,ID_PLAN) VALUES (28241950,3);
INSERT INTO DET_CONTRATO (NUM_CONTRATO,ID_PLAN) VALUES (15027503,4);
INSERT INTO DET_CONTRATO (NUM_CONTRATO,ID_PLAN) VALUES (48812292,5);
INSERT INTO DET_CONTRATO (NUM_CONTRATO,ID_PLAN) VALUES (36608158,6);
INSERT INTO DET_CONTRATO (NUM_CONTRATO,ID_PLAN) VALUES (23494663,2);
INSERT INTO DET_CONTRATO (NUM_CONTRATO,ID_PLAN) VALUES (30977950,1);
INSERT INTO DET_CONTRATO (NUM_CONTRATO,ID_PLAN) VALUES (43905091,2);
INSERT INTO DET_CONTRATO (NUM_CONTRATO,ID_PLAN) VALUES (21136367,3);
INSERT INTO DET_CONTRATO (NUM_CONTRATO,ID_PLAN) VALUES (33688508,4);
INSERT INTO DET_CONTRATO (NUM_CONTRATO,ID_PLAN) VALUES (15123324,5);
INSERT INTO DET_CONTRATO (NUM_CONTRATO,ID_PLAN) VALUES (18952360,6);
INSERT INTO DET_CONTRATO (NUM_CONTRATO,ID_PLAN) VALUES (27888842,2);
INSERT INTO DET_CONTRATO (NUM_CONTRATO,ID_PLAN) VALUES (14860926,1);
INSERT INTO DET_CONTRATO (NUM_CONTRATO,ID_PLAN) VALUES (23769774,2);
INSERT INTO DET_CONTRATO (NUM_CONTRATO,ID_PLAN) VALUES (23489695,3);
INSERT INTO DET_CONTRATO (NUM_CONTRATO,ID_PLAN) VALUES (12987948,4);
INSERT INTO DET_CONTRATO (NUM_CONTRATO,ID_PLAN) VALUES (35375394,5);
INSERT INTO DET_CONTRATO (NUM_CONTRATO,ID_PLAN) VALUES (28414137,6);
INSERT INTO DET_CONTRATO (NUM_CONTRATO,ID_PLAN) VALUES (24589946,2);
INSERT INTO DET_CONTRATO (NUM_CONTRATO,ID_PLAN) VALUES (47659618,1);
INSERT INTO DET_CONTRATO (NUM_CONTRATO,ID_PLAN) VALUES (45824834,2);
INSERT INTO DET_CONTRATO (NUM_CONTRATO,ID_PLAN) VALUES (12282442,3);
INSERT INTO DET_CONTRATO (NUM_CONTRATO,ID_PLAN) VALUES (24262807,4);
INSERT INTO DET_CONTRATO (NUM_CONTRATO,ID_PLAN) VALUES (38853686,5);
INSERT INTO DET_CONTRATO (NUM_CONTRATO,ID_PLAN) VALUES (41497298,6);
INSERT INTO DET_CONTRATO (NUM_CONTRATO,ID_PLAN) VALUES (41124462,2);
INSERT INTO DET_CONTRATO (NUM_CONTRATO,ID_PLAN) VALUES (45045695,1);
INSERT INTO DET_CONTRATO (NUM_CONTRATO,ID_PLAN) VALUES (15954986,2);
COMMIT;
